ACCT_NBR,in_watchlist,prediction
ACCT100,0,0
ACCT10007,0,0
ACCT10008,0,0
ACCT1001,0,0
ACCT10016,0,0
ACCT10029,0,0
ACCT10032,0,0
ACCT10034,0,0
ACCT1004,0,0
ACCT10049,0,0
ACCT10055,0,0
ACCT10060,0,0
ACCT10074,0,0
ACCT10088,0,0
ACCT10089,0,0
ACCT10091,0,0
ACCT10096,0,0
ACCT10102,0,0
ACCT1011,0,0
ACCT10116,0,0
ACCT10120,0,0
ACCT10125,0,0
ACCT1013,0,0
ACCT10145,0,0
ACCT10151,0,0
ACCT10154,0,0
ACCT10155,0,0
ACCT10158,0,0
ACCT10172,0,0
ACCT10180,0,0
ACCT10188,0,0
ACCT10195,0,0
ACCT10204,0,0
ACCT10210,0,0
ACCT10214,0,0
ACCT10220,0,0
ACCT10224,0,0
ACCT10225,0,0
ACCT10226,0,0
ACCT10234,0,0
ACCT10244,0,0
ACCT10248,0,0
ACCT10251,0,0
ACCT10255,0,0
ACCT10256,0,0
ACCT10257,0,0
ACCT10258,0,0
ACCT10268,0,0
ACCT10271,0,0
ACCT10273,0,0
ACCT10274,0,0
ACCT10277,0,0
ACCT1028,0,0
ACCT10283,0,0
ACCT10289,0,0
ACCT10293,0,0
ACCT10305,0,0
ACCT10307,0,0
ACCT10308,0,0
ACCT10309,0,0
ACCT10310,0,0
ACCT1032,0,0
ACCT10323,0,0
ACCT10327,0,0
ACCT10330,0,0
ACCT10332,0,0
ACCT10334,0,0
ACCT1034,0,0
ACCT10340,0,0
ACCT10354,0,0
ACCT10367,0,0
ACCT10371,0,0
ACCT10372,0,0
ACCT10373,0,0
ACCT10383,0,0
ACCT10387,0,0
ACCT10388,0,0
ACCT10396,0,0
ACCT1040,0,0
ACCT10400,0,0
ACCT10401,0,0
ACCT10403,0,0
ACCT10404,0,0
ACCT10405,0,0
ACCT10408,0,0
ACCT10415,0,0
ACCT1042,0,0
ACCT10421,0,0
ACCT10422,0,0
ACCT10427,0,0
ACCT1043,0,0
ACCT10436,0,0
ACCT10437,0,0
ACCT10438,0,0
ACCT10439,0,0
ACCT1044,0,0
ACCT10441,0,0
ACCT1045,0,0
ACCT10451,0,0
ACCT10453,0,0
ACCT10457,0,0
ACCT1046,0,0
ACCT10470,0,0
ACCT10471,0,0
ACCT10476,0,0
ACCT10477,0,0
ACCT10478,0,0
ACCT10479,0,0
ACCT1048,0,0
ACCT10483,0,0
ACCT10484,0,0
ACCT10485,0,0
ACCT10487,0,0
ACCT10493,0,0
ACCT10497,0,0
ACCT105,0,0
ACCT1050,0,0
ACCT10504,0,0
ACCT10505,0,0
ACCT10507,0,0
ACCT10510,0,0
ACCT10511,0,0
ACCT1052,0,0
ACCT10520,0,0
ACCT10523,0,0
ACCT10524,0,0
ACCT10528,0,0
ACCT1053,0,0
ACCT10530,0,0
ACCT10535,0,0
ACCT1054,0,0
ACCT10543,0,0
ACCT10544,0,0
ACCT10545,0,0
ACCT1055,0,0
ACCT10553,0,0
ACCT10556,0,0
ACCT1056,0,0
ACCT10560,0,0
ACCT10561,0,0
ACCT10575,0,0
ACCT10578,0,0
ACCT10584,0,0
ACCT10586,0,0
ACCT10594,0,0
ACCT10595,0,0
ACCT10596,0,0
ACCT106,0,0
ACCT1060,0,0
ACCT10601,0,0
ACCT10603,0,0
ACCT10609,0,0
ACCT10610,0,0
ACCT10613,0,0
ACCT10624,0,0
ACCT10629,0,0
ACCT10632,0,0
ACCT10633,0,0
ACCT10635,0,0
ACCT10636,0,0
ACCT10645,0,0
ACCT10651,0,0
ACCT10655,0,0
ACCT10657,0,0
ACCT10664,0,0
ACCT10670,0,0
ACCT10673,0,0
ACCT10678,0,0
ACCT10681,0,0
ACCT10685,0,0
ACCT10687,0,0
ACCT10694,0,0
ACCT1070,0,0
ACCT10708,0,0
ACCT10716,0,0
ACCT10728,0,0
ACCT10734,0,0
ACCT10735,0,0
ACCT10751,0,0
ACCT10756,0,0
ACCT10757,0,0
ACCT10758,0,0
ACCT1076,0,0
ACCT10764,0,0
ACCT10765,0,0
ACCT10774,0,0
ACCT10775,0,0
ACCT10782,0,0
ACCT10783,0,0
ACCT10784,0,0
ACCT10785,0,0
ACCT10789,0,0
ACCT1079,0,0
ACCT10794,0,0
ACCT108,0,0
ACCT10801,0,0
ACCT10803,0,0
ACCT10805,0,0
ACCT10806,0,0
ACCT10807,0,0
ACCT10810,0,0
ACCT10817,0,0
ACCT10818,0,0
ACCT10819,0,0
ACCT10822,0,0
ACCT10826,0,0
ACCT10835,0,0
ACCT10836,0,0
ACCT1084,0,0
ACCT10840,0,0
ACCT10841,0,0
ACCT10842,0,0
ACCT10849,0,0
ACCT10853,0,0
ACCT1086,0,0
ACCT10863,0,0
ACCT10864,0,0
ACCT10865,0,0
ACCT10869,0,0
ACCT10870,0,0
ACCT10873,0,0
ACCT10874,0,0
ACCT10876,0,0
ACCT10878,0,0
ACCT10885,0,0
ACCT10890,0,0
ACCT10891,0,0
ACCT10907,0,0
ACCT10913,0,0
ACCT10914,0,0
ACCT10929,0,0
ACCT10931,0,0
ACCT10932,0,0
ACCT10933,0,0
ACCT10935,0,0
ACCT10936,0,0
ACCT10937,0,0
ACCT10942,0,0
ACCT10953,0,0
ACCT10954,0,0
ACCT10959,0,0
ACCT10961,0,0
ACCT10963,0,0
ACCT10980,0,0
ACCT10985,0,0
ACCT1099,0,0
ACCT10994,0,0
ACCT10999,0,0
ACCT110,0,0
ACCT1100,0,0
ACCT11005,0,0
ACCT11017,0,0
ACCT11022,0,0
ACCT11025,0,0
ACCT11030,0,0
ACCT11044,0,0
ACCT11049,0,0
ACCT1106,0,0
ACCT11061,0,0
ACCT11063,0,0
ACCT11093,0,0
ACCT11095,0,0
ACCT11096,0,0
ACCT111,0,0
ACCT11100,0,0
ACCT11114,0,0
ACCT11120,0,0
ACCT11121,0,0
ACCT11125,0,0
ACCT11126,0,0
ACCT11127,0,0
ACCT11130,0,0
ACCT11135,0,0
ACCT1114,0,0
ACCT11141,0,0
ACCT11143,0,0
ACCT11147,0,0
ACCT11169,0,0
ACCT11178,0,0
ACCT1119,0,0
ACCT11197,0,0
ACCT11200,0,0
ACCT11214,0,0
ACCT11216,0,0
ACCT11217,0,0
ACCT11218,0,0
ACCT11220,0,0
ACCT11222,0,0
ACCT11225,0,0
ACCT11228,0,0
ACCT11231,0,0
ACCT11240,0,0
ACCT1125,0,0
ACCT11260,0,0
ACCT11261,0,0
ACCT11266,0,0
ACCT11269,0,0
ACCT11270,0,0
ACCT11273,0,0
ACCT11284,0,0
ACCT11285,0,0
ACCT11288,0,0
ACCT11295,0,0
ACCT11297,0,0
ACCT11298,0,0
ACCT113,0,0
ACCT11310,0,0
ACCT11311,0,0
ACCT11312,0,0
ACCT11316,0,0
ACCT11321,0,0
ACCT11323,0,0
ACCT11324,0,0
ACCT11325,0,0
ACCT11327,0,0
ACCT11331,0,0
ACCT11332,0,0
ACCT11335,0,0
ACCT11342,0,0
ACCT11353,0,0
ACCT11356,0,0
ACCT11357,0,0
ACCT11362,0,0
ACCT11366,0,0
ACCT11368,0,0
ACCT11369,0,0
ACCT1137,0,0
ACCT11371,0,0
ACCT11372,0,0
ACCT11384,0,0
ACCT11386,0,0
ACCT11395,0,0
ACCT11397,0,0
ACCT11398,0,0
ACCT11402,0,0
ACCT11404,0,0
ACCT11407,0,0
ACCT11411,0,0
ACCT11415,0,0
ACCT11416,0,0
ACCT11421,0,0
ACCT11422,0,0
ACCT11427,0,0
ACCT11438,0,0
ACCT1144,0,0
ACCT11440,0,0
ACCT11442,0,0
ACCT11452,0,0
ACCT11454,0,0
ACCT1146,0,0
ACCT11461,0,0
ACCT11462,0,0
ACCT11464,0,0
ACCT1147,0,0
ACCT11478,0,0
ACCT11486,0,0
ACCT11487,0,0
ACCT11488,0,0
ACCT11497,0,0
ACCT11498,0,0
ACCT11501,0,0
ACCT11502,0,0
ACCT11504,0,0
ACCT11508,0,0
ACCT11510,0,0
ACCT11512,0,0
ACCT11513,0,0
ACCT11516,0,0
ACCT11517,0,0
ACCT11521,0,0
ACCT11529,0,0
ACCT11541,0,0
ACCT11546,0,0
ACCT11550,0,0
ACCT11552,0,0
ACCT11553,0,0
ACCT11567,0,0
ACCT1157,0,0
ACCT11576,0,0
ACCT11580,0,0
ACCT11590,0,0
ACCT11593,0,0
ACCT11595,0,0
ACCT11608,0,0
ACCT11609,0,0
ACCT11615,0,0
ACCT11617,0,0
ACCT11622,0,0
ACCT11624,0,0
ACCT11625,0,0
ACCT11627,0,0
ACCT1164,0,0
ACCT11640,0,0
ACCT11644,0,0
ACCT11645,0,0
ACCT11649,0,0
ACCT11657,0,0
ACCT11658,0,0
ACCT11663,0,0
ACCT11671,0,0
ACCT11678,0,0
ACCT11682,0,0
ACCT11683,0,0
ACCT11684,0,0
ACCT1169,0,0
ACCT11698,0,0
ACCT1170,0,0
ACCT11700,0,0
ACCT11701,0,0
ACCT11702,0,0
ACCT11719,0,0
ACCT1172,0,0
ACCT11724,0,0
ACCT11726,0,0
ACCT11728,0,0
ACCT1173,0,0
ACCT11734,0,0
ACCT1174,0,0
ACCT11744,0,0
ACCT11746,0,0
ACCT11747,0,0
ACCT11753,0,0
ACCT11759,0,0
ACCT1176,0,0
ACCT11768,0,0
ACCT11772,0,0
ACCT11781,0,0
ACCT11787,0,0
ACCT1179,0,0
ACCT11790,0,0
ACCT11794,0,0
ACCT11797,0,0
ACCT11798,0,0
ACCT11802,0,0
ACCT11808,0,0
ACCT11818,0,0
ACCT11820,0,0
ACCT11821,0,0
ACCT11827,0,0
ACCT1183,0,0
ACCT11834,0,0
ACCT1184,0,0
ACCT11850,0,0
ACCT11851,0,0
ACCT11867,0,0
ACCT11878,0,0
ACCT11880,0,0
ACCT11885,0,0
ACCT1189,0,0
ACCT11896,0,0
ACCT11904,0,0
ACCT1191,0,0
ACCT11911,0,0
ACCT11916,0,0
ACCT11928,0,0
ACCT1193,0,0
ACCT11935,0,0
ACCT11937,0,0
ACCT11938,0,0
ACCT11940,0,0
ACCT11946,0,0
ACCT11950,0,0
ACCT11951,0,0
ACCT11956,0,0
ACCT11971,0,0
ACCT11973,0,0
ACCT11985,0,0
ACCT11988,0,0
ACCT11996,0,0
ACCT12007,0,0
ACCT12017,0,0
ACCT12025,0,0
ACCT12026,0,0
ACCT12028,0,0
ACCT12029,0,0
ACCT12032,0,0
ACCT12038,0,0
ACCT12042,0,0
ACCT12043,0,0
ACCT12045,0,0
ACCT12049,0,0
ACCT1205,0,0
ACCT12052,0,0
ACCT12053,0,0
ACCT12061,0,0
ACCT12062,0,0
ACCT12072,0,0
ACCT12076,0,0
ACCT12083,0,0
ACCT12091,0,0
ACCT12093,0,0
ACCT12094,0,0
ACCT12099,0,0
ACCT12106,0,0
ACCT12107,0,0
ACCT1211,0,0
ACCT12114,0,0
ACCT12115,0,0
ACCT12118,0,0
ACCT12119,0,0
ACCT12120,0,0
ACCT12122,0,0
ACCT12124,0,0
ACCT12127,0,0
ACCT12130,0,0
ACCT12144,0,0
ACCT12147,0,0
ACCT12151,0,0
ACCT12154,0,0
ACCT12167,0,0
ACCT12169,0,0
ACCT12172,0,0
ACCT12176,0,0
ACCT12177,0,0
ACCT12178,0,0
ACCT12181,0,0
ACCT12186,0,0
ACCT12194,0,0
ACCT12196,0,0
ACCT12199,0,0
ACCT122,0,0
ACCT12205,0,0
ACCT12216,0,0
ACCT12219,0,0
ACCT1222,0,0
ACCT12221,0,0
ACCT12224,0,0
ACCT12228,0,0
ACCT12233,0,0
ACCT12236,0,0
ACCT12237,0,0
ACCT12251,0,0
ACCT12266,0,0
ACCT12269,0,0
ACCT12273,0,0
ACCT12279,0,0
ACCT12281,0,0
ACCT12290,0,0
ACCT12294,0,0
ACCT12297,0,0
ACCT12319,0,0
ACCT12330,0,0
ACCT12334,0,0
ACCT12344,0,0
ACCT12346,0,0
ACCT12347,0,0
ACCT12348,0,0
ACCT12350,0,0
ACCT12352,0,0
ACCT12358,0,0
ACCT12367,0,0
ACCT12369,0,0
ACCT12373,0,0
ACCT1238,0,0
ACCT12383,0,0
ACCT12394,0,0
ACCT12395,0,0
ACCT12399,0,0
ACCT12400,0,0
ACCT12402,0,0
ACCT12404,0,0
ACCT12406,0,0
ACCT12408,0,0
ACCT12413,0,0
ACCT12415,0,0
ACCT12428,0,0
ACCT12429,0,0
ACCT12432,0,0
ACCT12433,0,0
ACCT12437,0,0
ACCT12438,0,0
ACCT12440,0,0
ACCT12444,0,0
ACCT12448,0,0
ACCT12457,0,0
ACCT12461,0,0
ACCT12462,0,0
ACCT12463,0,0
ACCT12464,0,0
ACCT12465,0,0
ACCT12469,0,0
ACCT12470,0,0
ACCT12481,0,0
ACCT12482,0,0
ACCT12483,0,0
ACCT12487,0,0
ACCT12494,0,0
ACCT12495,0,0
ACCT12496,0,0
ACCT12498,0,0
ACCT12500,0,0
ACCT12501,0,0
ACCT12504,0,0
ACCT12508,0,0
ACCT1252,0,0
ACCT12521,0,0
ACCT12533,0,0
ACCT12541,0,0
ACCT12546,0,0
ACCT12548,0,0
ACCT1255,0,0
ACCT12553,0,0
ACCT12561,0,0
ACCT12562,0,0
ACCT12567,0,0
ACCT12574,0,0
ACCT12575,0,0
ACCT12577,0,0
ACCT12578,0,0
ACCT12588,0,0
ACCT12589,0,0
ACCT12590,0,0
ACCT12597,0,0
ACCT12599,0,0
ACCT126,0,0
ACCT1260,0,0
ACCT12600,0,0
ACCT12606,0,0
ACCT12617,0,0
ACCT12622,0,0
ACCT12626,0,0
ACCT12627,0,0
ACCT12628,0,0
ACCT12633,0,0
ACCT12634,0,0
ACCT12635,0,0
ACCT1264,0,0
ACCT12645,0,0
ACCT12657,0,0
ACCT12659,0,0
ACCT12660,0,0
ACCT12662,0,0
ACCT12669,0,0
ACCT12675,0,0
ACCT12677,0,0
ACCT12679,0,0
ACCT12684,0,0
ACCT12687,0,0
ACCT12690,0,0
ACCT12692,0,0
ACCT127,0,0
ACCT12702,0,0
ACCT12703,0,0
ACCT12704,0,0
ACCT12707,0,0
ACCT12710,0,0
ACCT12722,0,0
ACCT12728,0,0
ACCT12732,0,0
ACCT12734,0,0
ACCT12741,0,0
ACCT12745,0,0
ACCT12748,0,0
ACCT12749,0,0
ACCT12755,0,0
ACCT1276,0,0
ACCT12765,0,0
ACCT12769,0,0
ACCT12771,0,0
ACCT12772,0,0
ACCT12779,0,0
ACCT1278,0,0
ACCT12783,0,0
ACCT12785,0,0
ACCT1279,0,0
ACCT12796,0,0
ACCT12797,0,0
ACCT12798,0,0
ACCT12799,0,0
ACCT128,0,0
ACCT12800,0,0
ACCT12803,0,0
ACCT12804,0,0
ACCT12807,0,0
ACCT12809,0,0
ACCT12811,0,0
ACCT12812,0,0
ACCT12819,0,0
ACCT1282,0,0
ACCT12826,0,0
ACCT12828,0,0
ACCT12832,0,0
ACCT12835,0,0
ACCT12840,0,0
ACCT12848,0,0
ACCT1285,0,0
ACCT12852,0,0
ACCT12857,0,0
ACCT1286,0,0
ACCT12862,0,0
ACCT12868,0,0
ACCT12876,0,0
ACCT12881,0,0
ACCT12882,0,0
ACCT12883,0,0
ACCT12890,0,0
ACCT12900,0,0
ACCT12901,0,0
ACCT12909,0,0
ACCT12910,0,0
ACCT12917,0,0
ACCT12918,0,0
ACCT1292,0,0
ACCT12920,0,0
ACCT12924,0,0
ACCT12928,0,0
ACCT12932,0,0
ACCT1294,0,0
ACCT12940,0,0
ACCT12950,0,0
ACCT12956,0,0
ACCT1296,0,0
ACCT12962,0,0
ACCT12966,0,0
ACCT12969,0,0
ACCT1297,0,0
ACCT12984,0,0
ACCT12985,0,0
ACCT12987,0,0
ACCT12992,0,0
ACCT12994,0,0
ACCT130,0,0
ACCT13002,0,0
ACCT13006,0,0
ACCT1301,0,0
ACCT13020,0,0
ACCT13022,0,0
ACCT13025,0,0
ACCT13028,0,0
ACCT13034,0,0
ACCT13035,0,0
ACCT1305,0,0
ACCT13052,0,0
ACCT13053,0,0
ACCT13073,0,0
ACCT13075,0,0
ACCT13084,0,0
ACCT13086,0,0
ACCT131,0,0
ACCT13120,0,0
ACCT13127,0,0
ACCT13130,0,0
ACCT13132,0,0
ACCT13140,0,0
ACCT13149,0,0
ACCT13154,0,0
ACCT13156,0,0
ACCT1316,0,0
ACCT13160,0,0
ACCT13166,0,0
ACCT1317,0,0
ACCT13178,0,0
ACCT13179,0,0
ACCT13183,0,0
ACCT1319,0,0
ACCT13199,0,0
ACCT1320,0,0
ACCT13209,0,0
ACCT13212,0,0
ACCT13217,0,0
ACCT1323,0,0
ACCT13236,0,0
ACCT13237,0,0
ACCT1324,0,0
ACCT13243,0,0
ACCT13246,0,0
ACCT13257,0,0
ACCT1326,0,0
ACCT13260,0,0
ACCT13261,0,0
ACCT13262,0,0
ACCT13272,0,0
ACCT13273,0,0
ACCT13274,0,0
ACCT13288,0,0
ACCT13289,0,0
ACCT13295,0,0
ACCT13304,0,0
ACCT13311,0,0
ACCT13313,0,0
ACCT13314,0,0
ACCT1332,0,0
ACCT13322,0,0
ACCT13325,0,0
ACCT13330,0,0
ACCT13332,0,0
ACCT13333,0,0
ACCT13340,0,0
ACCT13342,0,0
ACCT13345,0,0
ACCT13346,0,0
ACCT13354,0,0
ACCT13359,0,0
ACCT1336,0,0
ACCT13363,0,0
ACCT13365,0,0
ACCT13372,0,0
ACCT13373,0,0
ACCT13376,0,0
ACCT13386,0,0
ACCT13389,0,0
ACCT13391,0,0
ACCT13395,0,0
ACCT13415,0,0
ACCT13422,0,0
ACCT1343,0,0
ACCT13431,0,0
ACCT1344,0,0
ACCT13441,0,0
ACCT13442,0,0
ACCT13451,0,0
ACCT13454,0,0
ACCT13456,0,0
ACCT13457,0,0
ACCT1346,0,0
ACCT13475,0,0
ACCT13481,0,0
ACCT13484,0,0
ACCT13485,0,0
ACCT13490,0,0
ACCT13495,0,0
ACCT13499,0,0
ACCT13504,0,0
ACCT13508,0,0
ACCT13509,0,0
ACCT13511,0,0
ACCT13520,0,0
ACCT13524,0,0
ACCT13526,0,0
ACCT13527,0,0
ACCT1353,0,0
ACCT13539,0,0
ACCT13540,0,0
ACCT13544,0,0
ACCT13546,0,0
ACCT13547,0,0
ACCT13550,0,0
ACCT13551,0,0
ACCT13552,0,0
ACCT13556,0,0
ACCT1356,0,0
ACCT13560,0,0
ACCT13561,0,0
ACCT13563,0,0
ACCT13564,0,0
ACCT13569,0,0
ACCT13571,0,0
ACCT13576,0,0
ACCT13577,0,0
ACCT13582,0,0
ACCT13586,0,0
ACCT13590,0,0
ACCT13595,0,0
ACCT13596,0,0
ACCT1360,0,0
ACCT13607,0,0
ACCT13610,0,0
ACCT13613,0,0
ACCT13617,0,0
ACCT13619,0,0
ACCT13629,0,0
ACCT1363,0,0
ACCT13631,0,0
ACCT13634,0,0
ACCT13635,0,0
ACCT13636,0,0
ACCT13638,0,0
ACCT13641,0,0
ACCT13644,0,0
ACCT13665,0,0
ACCT13666,0,0
ACCT13667,0,0
ACCT13673,0,0
ACCT13674,0,0
ACCT13679,0,0
ACCT13681,0,0
ACCT13687,0,0
ACCT13688,0,0
ACCT13689,0,0
ACCT13691,0,0
ACCT13692,0,0
ACCT13693,0,0
ACCT13694,0,0
ACCT13695,0,0
ACCT13703,0,0
ACCT13705,0,0
ACCT13708,0,0
ACCT13715,0,0
ACCT1372,0,0
ACCT13721,0,0
ACCT13722,0,0
ACCT13724,0,0
ACCT13726,0,0
ACCT13736,0,0
ACCT13738,0,0
ACCT13740,0,0
ACCT13741,0,0
ACCT13751,0,0
ACCT13752,0,0
ACCT13754,0,0
ACCT1376,0,0
ACCT13765,0,0
ACCT13769,0,0
ACCT13771,0,0
ACCT13773,0,0
ACCT13780,0,0
ACCT13787,0,0
ACCT13790,0,0
ACCT13791,0,0
ACCT13806,0,0
ACCT1381,0,0
ACCT1382,0,0
ACCT13828,0,0
ACCT13829,0,0
ACCT13830,0,0
ACCT13835,0,0
ACCT13836,0,0
ACCT13837,0,0
ACCT13839,0,0
ACCT13842,0,0
ACCT13843,0,0
ACCT13844,0,0
ACCT13848,0,0
ACCT13859,0,0
ACCT1386,0,0
ACCT1387,0,0
ACCT13870,0,0
ACCT13871,0,0
ACCT13879,0,0
ACCT13881,0,0
ACCT13884,0,0
ACCT13886,0,0
ACCT13890,0,0
ACCT13892,0,0
ACCT13897,0,0
ACCT13898,0,0
ACCT13900,0,0
ACCT1391,0,0
ACCT13910,0,0
ACCT13912,0,0
ACCT13920,0,0
ACCT13928,0,0
ACCT13932,0,0
ACCT13936,0,0
ACCT13944,0,0
ACCT13951,0,0
ACCT13952,0,0
ACCT13953,0,0
ACCT13968,0,0
ACCT13970,0,0
ACCT13975,0,0
ACCT13976,0,0
ACCT13978,0,0
ACCT1399,0,0
ACCT13992,0,0
ACCT13995,0,0
ACCT1400,0,0
ACCT14001,0,0
ACCT14009,0,0
ACCT14012,0,0
ACCT14017,0,0
ACCT14022,0,0
ACCT14026,0,0
ACCT14029,0,0
ACCT14050,0,0
ACCT14056,0,0
ACCT14061,0,0
ACCT14069,0,0
ACCT14071,0,0
ACCT14074,0,0
ACCT14081,0,0
ACCT14082,0,0
ACCT14089,0,0
ACCT14090,0,0
ACCT14093,0,0
ACCT14097,0,0
ACCT14104,0,0
ACCT14108,0,0
ACCT14118,0,0
ACCT14122,0,0
ACCT14132,0,0
ACCT14134,0,0
ACCT14137,0,0
ACCT14142,0,0
ACCT14146,0,0
ACCT14152,0,0
ACCT14153,0,0
ACCT14161,0,0
ACCT14162,0,0
ACCT14163,0,0
ACCT14164,0,0
ACCT14165,0,0
ACCT14172,0,0
ACCT14176,0,0
ACCT14177,0,0
ACCT14181,0,0
ACCT14188,0,0
ACCT1419,0,0
ACCT14190,0,0
ACCT14198,0,0
ACCT14199,0,0
ACCT1420,0,0
ACCT14202,0,0
ACCT14214,0,0
ACCT14217,0,0
ACCT14225,0,0
ACCT14227,0,0
ACCT1423,0,0
ACCT14237,0,0
ACCT14245,0,0
ACCT14246,0,0
ACCT14247,0,0
ACCT14248,0,0
ACCT1425,0,0
ACCT14250,0,0
ACCT14251,0,0
ACCT14252,0,0
ACCT14255,0,0
ACCT14256,0,0
ACCT14257,0,0
ACCT14260,0,0
ACCT14261,0,0
ACCT14266,0,0
ACCT14268,0,0
ACCT14270,0,0
ACCT14290,0,0
ACCT14295,0,0
ACCT14297,0,0
ACCT1430,0,0
ACCT14302,0,0
ACCT14303,0,0
ACCT14304,0,0
ACCT14308,0,0
ACCT14315,0,0
ACCT14323,0,0
ACCT14327,0,0
ACCT1433,0,0
ACCT1434,0,0
ACCT14341,0,0
ACCT1435,0,0
ACCT14351,0,0
ACCT14358,0,0
ACCT14371,0,0
ACCT14374,0,0
ACCT14394,0,0
ACCT14396,0,0
ACCT14399,0,0
ACCT14404,0,0
ACCT14407,0,0
ACCT1441,0,0
ACCT14417,0,0
ACCT14418,0,0
ACCT14431,0,0
ACCT14438,0,0
ACCT1444,0,0
ACCT14443,0,0
ACCT1445,0,0
ACCT14452,0,0
ACCT14453,0,0
ACCT1446,0,0
ACCT14460,0,0
ACCT14466,0,0
ACCT14472,0,0
ACCT14475,0,0
ACCT14478,0,0
ACCT14486,0,0
ACCT14488,0,0
ACCT1449,0,0
ACCT14491,0,0
ACCT14494,0,0
ACCT14496,0,0
ACCT14501,0,0
ACCT14506,0,0
ACCT14507,0,0
ACCT14508,0,0
ACCT14538,0,0
ACCT14541,0,0
ACCT14544,0,0
ACCT14554,0,0
ACCT14575,0,0
ACCT14579,0,0
ACCT14580,0,0
ACCT14584,0,0
ACCT1459,0,0
ACCT14599,0,0
ACCT14606,0,0
ACCT14608,0,0
ACCT14611,0,0
ACCT14615,0,0
ACCT14626,0,0
ACCT14627,0,0
ACCT14632,0,0
ACCT1464,0,0
ACCT14640,0,0
ACCT14650,0,0
ACCT14656,0,0
ACCT14658,0,0
ACCT14659,0,0
ACCT1466,0,0
ACCT14660,0,0
ACCT14662,0,0
ACCT14663,0,0
ACCT14667,0,0
ACCT14668,0,0
ACCT1467,0,0
ACCT14683,0,0
ACCT14686,0,0
ACCT14697,0,0
ACCT14699,0,0
ACCT147,0,0
ACCT14700,0,0
ACCT14703,0,0
ACCT1472,0,0
ACCT14722,0,0
ACCT14725,0,1
ACCT14735,0,0
ACCT14736,0,0
ACCT14737,0,0
ACCT14738,0,0
ACCT14739,0,0
ACCT14748,0,0
ACCT1475,0,0
ACCT14752,0,0
ACCT1476,0,0
ACCT1477,0,0
ACCT1478,0,0
ACCT14783,0,0
ACCT14785,0,0
ACCT14787,0,0
ACCT14788,0,0
ACCT14790,0,0
ACCT14794,0,0
ACCT14795,0,0
ACCT14796,0,0
ACCT14799,0,0
ACCT14801,0,0
ACCT14806,0,0
ACCT14807,0,0
ACCT14809,0,0
ACCT14810,0,0
ACCT14812,0,0
ACCT14816,0,0
ACCT14823,0,0
ACCT14824,0,0
ACCT14825,0,0
ACCT14828,0,0
ACCT14829,0,0
ACCT14830,0,0
ACCT14831,0,0
ACCT14841,0,0
ACCT14843,0,0
ACCT14847,0,0
ACCT14850,0,0
ACCT14854,0,0
ACCT14855,0,0
ACCT1486,0,0
ACCT1487,0,0
ACCT14870,0,0
ACCT1488,0,0
ACCT14880,0,0
ACCT14881,0,0
ACCT14891,0,0
ACCT14892,0,0
ACCT14894,0,0
ACCT14899,0,0
ACCT149,0,0
ACCT14907,0,0
ACCT14916,0,0
ACCT14926,0,0
ACCT14929,0,0
ACCT14930,0,0
ACCT14932,0,0
ACCT14939,0,0
ACCT14941,0,0
ACCT14949,0,0
ACCT14954,0,0
ACCT14956,0,0
ACCT14960,0,0
ACCT14965,0,0
ACCT14967,0,0
ACCT14974,0,0
ACCT14999,0,0
ACCT15002,0,0
ACCT15006,0,0
ACCT15009,0,0
ACCT15012,0,0
ACCT15018,0,0
ACCT15019,0,0
ACCT1502,0,0
ACCT15020,0,0
ACCT1503,0,0
ACCT15031,0,0
ACCT15036,0,0
ACCT15038,0,0
ACCT15043,0,0
ACCT15053,0,0
ACCT15054,0,0
ACCT15055,0,0
ACCT15058,0,0
ACCT15064,0,0
ACCT15065,0,0
ACCT15071,0,0
ACCT15075,0,0
ACCT1508,0,0
ACCT15082,0,0
ACCT15088,0,0
ACCT15091,0,0
ACCT15101,0,0
ACCT15106,0,0
ACCT15107,0,0
ACCT15109,0,0
ACCT1511,0,0
ACCT15123,0,0
ACCT15133,0,0
ACCT15135,0,0
ACCT15136,0,0
ACCT15142,0,0
ACCT15151,0,0
ACCT15152,0,0
ACCT15156,0,0
ACCT1516,0,0
ACCT15167,0,0
ACCT1517,0,0
ACCT15184,0,0
ACCT15192,0,0
ACCT15195,0,0
ACCT15199,0,0
ACCT152,0,0
ACCT15206,0,0
ACCT15209,0,0
ACCT1521,0,0
ACCT15212,0,0
ACCT15219,0,0
ACCT15226,0,0
ACCT1523,0,0
ACCT15231,0,0
ACCT15238,0,0
ACCT1524,0,0
ACCT15241,0,0
ACCT15246,0,0
ACCT1526,0,0
ACCT15262,0,0
ACCT15270,0,0
ACCT15279,0,0
ACCT1528,0,0
ACCT15282,0,0
ACCT15283,0,0
ACCT15285,0,0
ACCT15287,0,0
ACCT15288,0,0
ACCT15299,0,0
ACCT1531,0,0
ACCT15311,0,0
ACCT15313,0,0
ACCT15314,0,0
ACCT15316,0,0
ACCT15321,0,0
ACCT15322,0,0
ACCT15331,0,0
ACCT15341,0,0
ACCT15345,0,0
ACCT15352,0,0
ACCT15355,0,0
ACCT15358,0,0
ACCT15359,0,0
ACCT15369,0,0
ACCT15372,0,0
ACCT15373,0,0
ACCT15374,0,0
ACCT15375,0,0
ACCT15376,0,0
ACCT15380,0,0
ACCT15391,0,0
ACCT15393,0,0
ACCT15397,0,0
ACCT154,0,0
ACCT1540,0,0
ACCT15407,0,0
ACCT1541,0,0
ACCT15422,0,0
ACCT15427,0,0
ACCT15431,0,0
ACCT15435,0,0
ACCT15436,0,0
ACCT15438,0,0
ACCT15451,0,0
ACCT15452,0,0
ACCT15459,0,0
ACCT15461,0,0
ACCT15464,0,0
ACCT15466,0,0
ACCT15468,0,0
ACCT15472,0,0
ACCT15475,0,0
ACCT15483,0,0
ACCT1550,0,0
ACCT15507,0,0
ACCT15509,0,0
ACCT1551,0,0
ACCT15526,0,0
ACCT1553,0,0
ACCT15531,0,0
ACCT15533,0,0
ACCT15534,0,0
ACCT15536,0,0
ACCT15539,0,0
ACCT1554,0,0
ACCT15541,0,0
ACCT15544,0,0
ACCT15546,0,0
ACCT1555,0,0
ACCT15550,0,0
ACCT15554,0,0
ACCT15555,0,0
ACCT1556,0,0
ACCT15562,0,0
ACCT15579,0,0
ACCT15580,0,0
ACCT1559,0,0
ACCT15592,0,0
ACCT15598,0,0
ACCT15599,0,0
ACCT15603,0,0
ACCT15608,0,0
ACCT1561,0,0
ACCT15610,0,0
ACCT15619,0,0
ACCT1563,0,0
ACCT15641,0,0
ACCT15642,0,0
ACCT15658,0,0
ACCT15673,0,0
ACCT15682,0,0
ACCT15683,0,0
ACCT15688,0,0
ACCT15690,0,0
ACCT15691,0,0
ACCT15696,0,0
ACCT15701,0,0
ACCT15702,0,0
ACCT15705,0,0
ACCT15706,0,0
ACCT15708,0,0
ACCT15710,0,0
ACCT15719,0,0
ACCT15723,0,0
ACCT15724,0,0
ACCT15725,0,0
ACCT15727,0,0
ACCT1573,0,0
ACCT15741,0,0
ACCT15743,0,0
ACCT15757,0,0
ACCT15767,0,0
ACCT15771,0,0
ACCT15778,0,0
ACCT15785,0,0
ACCT1579,0,0
ACCT15790,0,0
ACCT15791,0,0
ACCT15798,0,0
ACCT15799,0,0
ACCT15802,0,0
ACCT15803,0,0
ACCT1581,0,0
ACCT15811,0,0
ACCT15816,0,0
ACCT15818,0,0
ACCT15820,0,0
ACCT15823,0,0
ACCT15840,0,0
ACCT15843,0,0
ACCT15849,0,0
ACCT1586,0,0
ACCT15862,0,0
ACCT15863,0,0
ACCT15874,0,0
ACCT15880,0,0
ACCT15885,0,0
ACCT15887,0,0
ACCT15888,0,0
ACCT15893,0,0
ACCT15895,0,0
ACCT15896,0,0
ACCT15897,0,0
ACCT15898,0,0
ACCT15899,0,0
ACCT1590,0,0
ACCT15903,0,0
ACCT15905,0,0
ACCT15910,0,0
ACCT15911,0,0
ACCT15914,0,0
ACCT15915,0,0
ACCT15924,0,0
ACCT15930,0,0
ACCT15931,0,0
ACCT15934,0,0
ACCT15945,0,0
ACCT15953,0,0
ACCT15961,0,0
ACCT15984,0,0
ACCT15985,0,0
ACCT15995,0,0
ACCT15998,0,0
ACCT160,0,0
ACCT16000,0,0
ACCT16004,0,0
ACCT16010,0,0
ACCT16011,0,0
ACCT16012,0,0
ACCT16013,0,0
ACCT16016,0,0
ACCT16020,0,0
ACCT1603,0,0
ACCT16033,0,0
ACCT16037,0,0
ACCT16039,0,0
ACCT16055,0,0
ACCT16056,0,0
ACCT16060,0,0
ACCT16076,0,0
ACCT16078,0,0
ACCT16081,0,0
ACCT16086,0,0
ACCT16089,0,0
ACCT16091,0,0
ACCT161,0,0
ACCT1610,0,0
ACCT16104,0,0
ACCT16106,0,0
ACCT16108,0,0
ACCT16114,0,0
ACCT16117,0,0
ACCT16121,0,0
ACCT16129,0,0
ACCT16131,0,0
ACCT16141,0,0
ACCT16149,0,0
ACCT1615,0,0
ACCT16157,0,0
ACCT16159,0,0
ACCT16161,0,0
ACCT16162,0,0
ACCT16173,0,0
ACCT16177,0,0
ACCT16178,0,0
ACCT16195,0,0
ACCT16202,0,0
ACCT16205,0,0
ACCT16207,0,0
ACCT1621,0,0
ACCT16210,0,0
ACCT16221,0,0
ACCT16223,0,0
ACCT1624,0,0
ACCT16240,0,0
ACCT16248,0,0
ACCT16249,0,0
ACCT16257,0,0
ACCT1626,0,0
ACCT16262,0,0
ACCT16267,0,0
ACCT16270,0,0
ACCT16271,0,0
ACCT16287,0,0
ACCT16289,0,0
ACCT16293,0,0
ACCT16299,0,0
ACCT16302,0,0
ACCT16305,0,0
ACCT16307,0,0
ACCT16311,0,0
ACCT16312,0,0
ACCT16322,0,0
ACCT16324,0,0
ACCT16331,0,0
ACCT16332,0,0
ACCT16335,0,0
ACCT16336,0,0
ACCT16338,0,0
ACCT16349,0,0
ACCT16352,0,0
ACCT16354,0,0
ACCT16356,0,0
ACCT16372,0,0
ACCT16375,0,0
ACCT16379,0,0
ACCT16412,0,0
ACCT16413,0,0
ACCT16416,0,0
ACCT16420,0,0
ACCT16426,0,0
ACCT16435,0,0
ACCT16439,0,0
ACCT16442,0,0
ACCT16445,0,0
ACCT16446,0,0
ACCT16457,0,0
ACCT16465,0,0
ACCT16472,0,0
ACCT16476,0,0
ACCT16477,0,0
ACCT16478,0,0
ACCT1649,0,0
ACCT16492,0,0
ACCT16493,0,0
ACCT16496,0,0
ACCT16511,0,0
ACCT16512,0,0
ACCT16513,0,0
ACCT16521,0,0
ACCT16534,0,0
ACCT16539,0,0
ACCT16541,0,0
ACCT16544,0,0
ACCT16551,0,0
ACCT16554,0,0
ACCT16558,0,0
ACCT1656,0,0
ACCT16571,0,0
ACCT16574,0,0
ACCT16580,0,0
ACCT16583,0,0
ACCT16590,0,0
ACCT1661,0,0
ACCT16615,0,0
ACCT16623,0,0
ACCT16626,0,0
ACCT16627,0,0
ACCT1664,0,0
ACCT16642,0,0
ACCT16643,0,0
ACCT16647,0,0
ACCT16651,0,0
ACCT16655,0,0
ACCT16658,0,0
ACCT1667,0,0
ACCT16672,0,0
ACCT16673,0,0
ACCT167,0,0
ACCT1670,0,0
ACCT16702,0,0
ACCT16704,0,0
ACCT16705,0,0
ACCT16707,0,0
ACCT16708,0,0
ACCT1671,0,0
ACCT16714,0,0
ACCT16718,0,0
ACCT16726,0,0
ACCT16730,0,0
ACCT16732,0,0
ACCT16734,0,0
ACCT16740,0,0
ACCT16742,0,0
ACCT16747,0,0
ACCT16749,0,0
ACCT16750,0,0
ACCT16754,0,0
ACCT16755,0,0
ACCT16762,0,0
ACCT16764,0,0
ACCT16772,0,0
ACCT16781,0,0
ACCT16790,0,0
ACCT16791,0,0
ACCT16793,0,0
ACCT16800,0,0
ACCT16807,0,0
ACCT16810,0,0
ACCT16811,0,0
ACCT16812,0,0
ACCT16815,0,0
ACCT16817,0,0
ACCT16819,0,0
ACCT16821,0,0
ACCT16822,0,0
ACCT16826,0,0
ACCT16837,0,0
ACCT1684,0,0
ACCT16845,0,0
ACCT16849,0,0
ACCT16850,0,0
ACCT16852,0,0
ACCT16857,0,0
ACCT16867,0,0
ACCT16869,0,0
ACCT16871,0,0
ACCT16872,0,0
ACCT16881,0,0
ACCT16882,0,0
ACCT16886,0,0
ACCT16888,0,0
ACCT1689,0,0
ACCT16891,0,0
ACCT16899,0,0
ACCT1690,0,0
ACCT16902,0,0
ACCT16904,0,0
ACCT16914,0,0
ACCT16915,0,0
ACCT16918,0,0
ACCT16930,0,0
ACCT16933,0,0
ACCT16939,0,0
ACCT1694,0,0
ACCT16941,0,0
ACCT16944,0,0
ACCT16945,0,0
ACCT16951,0,0
ACCT16952,0,0
ACCT16953,0,0
ACCT16954,0,0
ACCT16961,0,0
ACCT16963,0,0
ACCT16964,0,0
ACCT16965,0,0
ACCT16967,0,0
ACCT16968,0,0
ACCT16971,0,0
ACCT16972,0,0
ACCT16975,0,0
ACCT16977,0,0
ACCT16981,0,0
ACCT16982,0,0
ACCT16991,0,0
ACCT16994,0,0
ACCT16997,0,0
ACCT16999,0,0
ACCT17000,0,0
ACCT17002,0,0
ACCT17009,0,0
ACCT17010,0,0
ACCT17032,0,0
ACCT17047,0,0
ACCT17051,0,0
ACCT17052,0,0
ACCT17055,0,0
ACCT17060,0,0
ACCT17072,0,0
ACCT17085,0,0
ACCT17086,0,0
ACCT17092,0,0
ACCT17093,0,0
ACCT17098,0,0
ACCT171,0,0
ACCT17107,0,0
ACCT17113,0,0
ACCT17114,0,0
ACCT17116,0,0
ACCT17128,0,0
ACCT17129,0,0
ACCT17130,0,0
ACCT17133,0,0
ACCT17140,0,0
ACCT17142,0,0
ACCT17148,0,0
ACCT17160,0,0
ACCT17169,0,0
ACCT17170,0,0
ACCT17172,0,0
ACCT1718,0,0
ACCT17182,0,0
ACCT17184,0,0
ACCT17187,0,0
ACCT17191,0,0
ACCT17194,0,0
ACCT17198,0,0
ACCT17199,0,0
ACCT17200,0,0
ACCT1721,0,0
ACCT17210,0,0
ACCT17213,0,0
ACCT17217,0,0
ACCT17220,0,0
ACCT17221,0,0
ACCT17228,0,0
ACCT1723,0,0
ACCT17231,0,0
ACCT17232,0,0
ACCT17236,0,0
ACCT17238,0,0
ACCT1724,0,0
ACCT17242,0,0
ACCT17246,0,0
ACCT17249,0,0
ACCT17251,0,0
ACCT17256,0,0
ACCT17259,0,0
ACCT17262,0,0
ACCT17263,0,0
ACCT17274,0,0
ACCT17276,0,0
ACCT17281,0,0
ACCT17287,0,0
ACCT17297,0,0
ACCT173,0,0
ACCT17301,0,0
ACCT17302,0,0
ACCT17303,0,0
ACCT17304,0,0
ACCT17305,0,0
ACCT17320,0,0
ACCT17322,0,0
ACCT17336,0,0
ACCT17337,0,0
ACCT1734,0,0
ACCT17341,0,0
ACCT17343,0,0
ACCT17344,0,0
ACCT17346,0,0
ACCT1735,0,0
ACCT17355,0,0
ACCT17357,0,0
ACCT1736,0,0
ACCT17366,0,0
ACCT17368,0,0
ACCT17372,0,0
ACCT17377,0,0
ACCT1738,0,0
ACCT17392,0,0
ACCT17393,0,0
ACCT17395,0,0
ACCT17398,0,0
ACCT174,0,0
ACCT17407,0,0
ACCT17414,0,0
ACCT17425,0,0
ACCT17429,0,0
ACCT17430,0,0
ACCT17431,0,0
ACCT17436,0,0
ACCT17442,0,0
ACCT17444,0,0
ACCT17448,0,0
ACCT17449,0,0
ACCT1745,0,0
ACCT17450,0,0
ACCT17451,0,0
ACCT17461,0,0
ACCT17469,0,0
ACCT17473,0,0
ACCT17482,0,0
ACCT17489,0,0
ACCT17495,0,0
ACCT17496,0,0
ACCT1750,0,0
ACCT17501,0,0
ACCT17503,0,0
ACCT17510,0,0
ACCT17515,0,0
ACCT17516,0,0
ACCT17521,0,0
ACCT17522,0,0
ACCT17525,0,0
ACCT17532,0,0
ACCT17533,0,0
ACCT17535,0,0
ACCT17538,0,0
ACCT17548,0,0
ACCT1755,0,0
ACCT17551,0,0
ACCT17554,0,0
ACCT17564,0,0
ACCT17568,0,0
ACCT17569,0,0
ACCT1757,0,0
ACCT17570,0,0
ACCT17571,0,0
ACCT17578,0,0
ACCT17579,0,0
ACCT17585,0,0
ACCT17590,0,0
ACCT17594,0,0
ACCT176,0,0
ACCT17605,0,0
ACCT17606,0,0
ACCT17610,0,0
ACCT17612,0,0
ACCT17615,0,0
ACCT17618,0,0
ACCT17623,0,0
ACCT17624,0,0
ACCT17647,0,0
ACCT17649,0,0
ACCT17650,0,0
ACCT17652,0,0
ACCT17663,0,0
ACCT17664,0,0
ACCT17680,0,0
ACCT17685,0,0
ACCT17691,0,0
ACCT17694,0,0
ACCT17695,0,0
ACCT17696,0,0
ACCT17698,0,0
ACCT1770,0,0
ACCT17702,0,0
ACCT17708,0,0
ACCT17720,0,0
ACCT17729,0,0
ACCT17732,0,0
ACCT17733,0,0
ACCT17740,0,0
ACCT17757,0,0
ACCT17758,0,0
ACCT17760,0,0
ACCT17763,0,0
ACCT17768,0,0
ACCT1777,0,0
ACCT17771,0,0
ACCT17774,0,0
ACCT17780,0,0
ACCT17792,0,0
ACCT17796,0,0
ACCT17799,0,0
ACCT17808,0,0
ACCT17827,0,0
ACCT17829,0,0
ACCT17830,0,0
ACCT17834,0,0
ACCT17839,0,0
ACCT17845,0,0
ACCT17852,0,0
ACCT17855,0,0
ACCT17856,0,0
ACCT1786,0,0
ACCT17870,0,0
ACCT17872,0,0
ACCT17875,0,0
ACCT1788,0,0
ACCT17884,0,0
ACCT17885,0,0
ACCT17888,0,0
ACCT17889,0,0
ACCT17892,0,0
ACCT17894,0,0
ACCT17898,0,0
ACCT1790,0,0
ACCT17907,0,0
ACCT17909,0,0
ACCT17910,0,0
ACCT1792,0,0
ACCT17925,0,0
ACCT17932,0,0
ACCT17938,0,0
ACCT17942,0,0
ACCT17943,0,0
ACCT17945,0,0
ACCT17946,0,0
ACCT1797,0,0
ACCT1799,0,0
ACCT17994,0,0
ACCT17995,0,0
ACCT18001,0,0
ACCT18008,0,0
ACCT18010,0,0
ACCT18014,0,0
ACCT18021,0,0
ACCT18022,0,0
ACCT18029,0,0
ACCT1803,0,0
ACCT18035,0,0
ACCT18042,0,0
ACCT18045,0,0
ACCT18047,0,0
ACCT18049,0,0
ACCT18065,0,0
ACCT18068,0,0
ACCT18077,0,0
ACCT18087,0,0
ACCT18092,0,0
ACCT18100,0,0
ACCT18101,0,0
ACCT18102,0,0
ACCT18104,0,0
ACCT18106,0,0
ACCT18107,0,0
ACCT18108,0,0
ACCT1811,0,0
ACCT18110,0,0
ACCT18116,0,0
ACCT18118,0,0
ACCT18119,0,0
ACCT18135,0,0
ACCT18138,0,0
ACCT18140,0,0
ACCT18148,0,0
ACCT18157,0,0
ACCT18160,0,0
ACCT18169,0,0
ACCT18170,0,0
ACCT18171,0,0
ACCT1818,0,0
ACCT18180,0,0
ACCT18184,0,0
ACCT18187,0,0
ACCT18188,0,0
ACCT18201,0,0
ACCT18209,0,0
ACCT18211,0,0
ACCT18214,0,0
ACCT18218,0,0
ACCT1822,0,0
ACCT18220,0,0
ACCT18226,0,0
ACCT18232,0,0
ACCT18244,0,0
ACCT18246,0,0
ACCT18248,0,0
ACCT18250,0,0
ACCT18261,0,0
ACCT18264,0,0
ACCT18266,0,0
ACCT18267,0,0
ACCT18275,0,0
ACCT18279,0,0
ACCT18281,0,0
ACCT18283,0,0
ACCT18287,0,0
ACCT1829,0,1
ACCT18291,0,0
ACCT18304,0,0
ACCT18305,0,0
ACCT18310,0,0
ACCT18312,0,0
ACCT18314,0,0
ACCT1832,0,0
ACCT18327,0,0
ACCT18330,0,0
ACCT18336,0,0
ACCT18339,0,0
ACCT18342,0,0
ACCT18343,0,0
ACCT18345,0,0
ACCT18348,0,0
ACCT18354,0,0
ACCT18359,0,0
ACCT18362,0,0
ACCT18364,0,0
ACCT18369,0,0
ACCT18372,0,0
ACCT18378,0,0
ACCT18382,0,0
ACCT18383,0,0
ACCT18394,0,0
ACCT18396,0,0
ACCT18398,0,0
ACCT18400,0,0
ACCT18401,0,0
ACCT18408,0,0
ACCT18409,0,0
ACCT18412,0,0
ACCT18413,0,0
ACCT18414,0,0
ACCT18417,0,0
ACCT18418,0,0
ACCT1842,0,0
ACCT18420,0,0
ACCT18425,0,0
ACCT18427,0,0
ACCT18452,0,0
ACCT18457,0,0
ACCT18468,0,0
ACCT18469,0,0
ACCT18476,0,0
ACCT18481,0,0
ACCT18489,0,0
ACCT18490,0,0
ACCT18492,0,0
ACCT18494,0,0
ACCT18495,0,0
ACCT18496,0,0
ACCT18499,0,0
ACCT18511,0,0
ACCT18515,0,0
ACCT18517,0,0
ACCT18524,0,0
ACCT18532,0,0
ACCT18538,0,0
ACCT18539,0,0
ACCT18545,0,0
ACCT18549,0,0
ACCT18555,0,0
ACCT18556,0,0
ACCT18558,0,0
ACCT18559,0,0
ACCT18572,0,0
ACCT18577,0,0
ACCT1858,0,0
ACCT18581,0,0
ACCT18583,0,0
ACCT18584,0,0
ACCT18588,0,0
ACCT18589,0,0
ACCT18592,0,0
ACCT18593,0,0
ACCT18597,0,0
ACCT18609,0,0
ACCT18611,0,0
ACCT18613,0,0
ACCT18628,0,0
ACCT18630,0,0
ACCT18631,0,0
ACCT18635,0,0
ACCT18646,0,0
ACCT18648,0,0
ACCT18649,0,0
ACCT18653,0,0
ACCT18654,0,0
ACCT18656,0,0
ACCT18662,0,0
ACCT18663,0,0
ACCT18669,0,0
ACCT18671,0,0
ACCT18673,0,0
ACCT18674,0,0
ACCT18677,0,0
ACCT18679,0,0
ACCT18686,0,0
ACCT18695,0,0
ACCT18697,0,0
ACCT18698,0,0
ACCT18709,0,0
ACCT1871,0,0
ACCT18716,0,0
ACCT18717,0,0
ACCT18718,0,0
ACCT18719,0,0
ACCT18720,0,0
ACCT18739,0,0
ACCT18745,0,0
ACCT18746,0,0
ACCT1875,0,0
ACCT18756,0,0
ACCT18760,0,0
ACCT18763,0,0
ACCT18768,0,0
ACCT18769,0,0
ACCT18774,0,0
ACCT18776,0,0
ACCT18777,0,0
ACCT18779,0,0
ACCT18780,0,0
ACCT18781,0,0
ACCT18784,0,0
ACCT18787,0,0
ACCT18788,0,0
ACCT18790,0,0
ACCT18793,0,0
ACCT188,0,0
ACCT18800,0,0
ACCT18804,0,0
ACCT18806,0,0
ACCT18814,0,0
ACCT18818,0,0
ACCT1882,0,0
ACCT18827,0,0
ACCT18830,0,0
ACCT18835,0,0
ACCT18839,0,0
ACCT18840,0,0
ACCT18845,0,0
ACCT18846,0,0
ACCT18857,0,0
ACCT18863,0,0
ACCT18866,0,0
ACCT18867,0,0
ACCT18869,0,0
ACCT18870,0,0
ACCT18876,0,0
ACCT18877,0,0
ACCT18879,0,0
ACCT18885,0,0
ACCT18886,0,0
ACCT18893,0,0
ACCT189,0,0
ACCT18909,0,0
ACCT18911,0,0
ACCT1893,0,0
ACCT18932,0,0
ACCT18935,0,0
ACCT18938,0,0
ACCT18939,0,0
ACCT1894,0,0
ACCT18940,0,0
ACCT18941,0,0
ACCT18942,0,0
ACCT18943,0,0
ACCT18945,0,0
ACCT18951,0,0
ACCT18955,0,0
ACCT18960,0,0
ACCT18969,0,0
ACCT1897,0,0
ACCT18972,0,0
ACCT18984,0,0
ACCT1899,0,0
ACCT1900,0,0
ACCT19008,0,0
ACCT19015,0,0
ACCT19017,0,0
ACCT19018,0,0
ACCT1902,0,0
ACCT19028,0,0
ACCT19034,0,0
ACCT19035,0,0
ACCT19037,0,0
ACCT19041,0,0
ACCT19061,0,0
ACCT19066,0,0
ACCT1907,0,0
ACCT19070,0,0
ACCT1908,0,0
ACCT19084,0,0
ACCT19101,0,0
ACCT19102,0,0
ACCT19103,0,0
ACCT1911,0,0
ACCT19110,0,0
ACCT19111,0,0
ACCT19112,0,0
ACCT19113,0,0
ACCT19114,0,0
ACCT19117,0,0
ACCT19128,0,0
ACCT1913,0,0
ACCT19130,0,0
ACCT19133,0,0
ACCT19136,0,0
ACCT19139,0,0
ACCT19151,0,0
ACCT19153,0,0
ACCT19158,0,0
ACCT19160,0,0
ACCT19168,0,0
ACCT19173,0,0
ACCT19176,0,0
ACCT19179,0,0
ACCT19182,0,0
ACCT19184,0,0
ACCT19187,0,0
ACCT1920,0,0
ACCT19201,0,0
ACCT1921,0,0
ACCT19211,0,0
ACCT19215,0,0
ACCT19217,0,0
ACCT1922,0,0
ACCT19223,0,0
ACCT1923,0,0
ACCT19241,0,0
ACCT19246,0,0
ACCT19249,0,0
ACCT19250,0,0
ACCT19253,0,0
ACCT19255,0,0
ACCT19258,0,0
ACCT19262,0,0
ACCT19272,0,0
ACCT19280,0,0
ACCT19281,0,0
ACCT19291,0,0
ACCT19296,0,0
ACCT193,0,0
ACCT19309,0,0
ACCT19312,0,0
ACCT19316,0,0
ACCT19325,0,0
ACCT19336,0,0
ACCT19338,0,0
ACCT19341,0,0
ACCT19343,0,0
ACCT19344,0,0
ACCT19350,0,0
ACCT19356,0,0
ACCT19357,0,0
ACCT19360,0,0
ACCT19363,0,0
ACCT19379,0,0
ACCT19380,0,0
ACCT19381,0,0
ACCT19388,0,0
ACCT1940,0,0
ACCT19402,0,0
ACCT19405,0,0
ACCT19410,0,0
ACCT19412,0,0
ACCT1942,0,0
ACCT19434,0,0
ACCT1944,0,0
ACCT19448,0,0
ACCT19454,0,0
ACCT1946,0,0
ACCT19463,0,0
ACCT19464,0,0
ACCT19465,0,0
ACCT19466,0,0
ACCT19467,0,0
ACCT19469,0,0
ACCT1947,0,0
ACCT19472,0,0
ACCT19477,0,0
ACCT19479,0,0
ACCT19486,0,0
ACCT19488,0,0
ACCT19489,0,0
ACCT19492,0,0
ACCT19493,0,0
ACCT19500,0,0
ACCT19505,0,0
ACCT1951,0,0
ACCT19511,0,0
ACCT19514,0,0
ACCT19515,0,0
ACCT19522,0,0
ACCT19529,0,0
ACCT19538,0,0
ACCT19541,0,0
ACCT19542,0,0
ACCT19544,0,0
ACCT19554,0,0
ACCT19557,0,0
ACCT1956,0,0
ACCT19564,0,0
ACCT19565,0,0
ACCT19569,0,0
ACCT19570,0,0
ACCT19571,0,0
ACCT19572,0,0
ACCT19585,0,0
ACCT19587,0,0
ACCT19590,0,0
ACCT19602,0,0
ACCT19605,0,0
ACCT19606,0,0
ACCT19609,0,0
ACCT19627,0,0
ACCT1963,0,0
ACCT19638,0,0
ACCT19641,0,0
ACCT19645,0,0
ACCT19648,0,0
ACCT19649,0,0
ACCT19661,0,0
ACCT19662,0,0
ACCT19669,0,0
ACCT1967,0,0
ACCT19670,0,0
ACCT19672,0,0
ACCT19673,0,0
ACCT19683,0,0
ACCT19690,0,0
ACCT19699,0,0
ACCT19703,0,0
ACCT19704,0,0
ACCT19711,0,0
ACCT19715,0,0
ACCT19719,0,0
ACCT1972,0,0
ACCT19721,0,0
ACCT19726,0,0
ACCT19732,0,0
ACCT19734,0,0
ACCT19746,0,0
ACCT19748,0,0
ACCT19751,0,0
ACCT19759,0,0
ACCT19765,0,0
ACCT19766,0,0
ACCT19767,0,0
ACCT19772,0,0
ACCT19775,0,0
ACCT19776,0,0
ACCT19781,0,0
ACCT19798,0,0
ACCT198,0,0
ACCT1980,0,0
ACCT19800,0,0
ACCT19805,0,0
ACCT19812,0,0
ACCT19814,0,0
ACCT19815,0,0
ACCT19816,0,0
ACCT19820,0,0
ACCT19821,0,0
ACCT19829,0,0
ACCT1983,0,0
ACCT19831,0,0
ACCT19836,0,0
ACCT19839,0,0
ACCT1984,0,0
ACCT19846,0,0
ACCT19848,0,0
ACCT19852,0,0
ACCT19854,0,0
ACCT19866,0,0
ACCT19869,0,0
ACCT19875,0,0
ACCT19876,0,0
ACCT19884,0,0
ACCT19890,0,0
ACCT19891,0,0
ACCT19895,0,0
ACCT19896,0,0
ACCT19897,0,0
ACCT199,0,0
ACCT1990,0,0
ACCT19901,0,0
ACCT19906,0,0
ACCT19910,0,0
ACCT1992,0,0
ACCT19924,0,0
ACCT19928,0,0
ACCT1993,0,0
ACCT19932,0,0
ACCT1995,0,0
ACCT19958,0,0
ACCT1996,0,0
ACCT19971,0,0
ACCT1998,0,0
ACCT1999,0,0
ACCT19991,0,0
ACCT200,0,0
ACCT2000,0,0
ACCT20001,0,0
ACCT2001,0,0
ACCT20023,0,0
ACCT20024,0,0
ACCT20033,0,0
ACCT20042,0,0
ACCT20044,0,0
ACCT20047,0,0
ACCT20048,0,0
ACCT20049,0,0
ACCT20059,0,0
ACCT2006,0,0
ACCT20060,0,0
ACCT20068,0,0
ACCT20069,0,0
ACCT20071,0,0
ACCT20076,0,0
ACCT20094,0,0
ACCT20096,0,0
ACCT20099,0,0
ACCT20105,0,0
ACCT20107,0,0
ACCT20118,0,0
ACCT2012,0,0
ACCT20124,0,0
ACCT20125,0,0
ACCT20128,0,0
ACCT20136,0,0
ACCT20138,0,0
ACCT20140,0,0
ACCT20141,0,0
ACCT20142,0,0
ACCT20143,0,0
ACCT20144,0,0
ACCT20145,0,0
ACCT20146,0,0
ACCT20150,0,0
ACCT20151,0,0
ACCT20159,0,0
ACCT20162,0,0
ACCT20166,0,0
ACCT20170,0,0
ACCT20174,0,0
ACCT20187,0,0
ACCT20189,0,0
ACCT2019,0,0
ACCT20199,0,0
ACCT20206,0,0
ACCT20209,0,0
ACCT20210,0,0
ACCT20212,0,0
ACCT20219,0,0
ACCT20223,0,0
ACCT20225,0,0
ACCT2023,0,0
ACCT20236,0,0
ACCT20237,0,0
ACCT2024,0,0
ACCT20253,0,0
ACCT20260,0,0
ACCT2027,0,0
ACCT20277,0,0
ACCT20292,0,0
ACCT20297,0,0
ACCT20298,0,0
ACCT20302,0,0
ACCT2031,0,0
ACCT20315,0,0
ACCT20339,0,0
ACCT2034,0,0
ACCT20343,0,0
ACCT20344,0,0
ACCT20352,0,0
ACCT2036,0,0
ACCT20363,0,0
ACCT20367,0,0
ACCT20379,0,0
ACCT20383,0,0
ACCT20384,0,0
ACCT20392,0,0
ACCT20393,0,0
ACCT20404,0,0
ACCT20406,0,0
ACCT20411,0,0
ACCT20414,0,0
ACCT2042,0,0
ACCT20429,0,0
ACCT20441,0,0
ACCT20448,0,0
ACCT20451,0,0
ACCT20455,0,0
ACCT20467,0,0
ACCT20468,0,0
ACCT20479,0,0
ACCT20489,0,0
ACCT2049,0,0
ACCT20492,0,0
ACCT20496,0,0
ACCT20499,0,0
ACCT205,0,0
ACCT20505,0,0
ACCT20508,0,0
ACCT20513,0,0
ACCT20515,0,1
ACCT20524,0,0
ACCT20525,0,0
ACCT20526,0,0
ACCT20544,0,0
ACCT20547,0,0
ACCT20548,0,0
ACCT20562,0,0
ACCT20570,0,0
ACCT20571,0,0
ACCT20575,0,0
ACCT20579,0,0
ACCT2058,0,0
ACCT20588,0,0
ACCT20589,0,0
ACCT20590,0,0
ACCT20592,0,0
ACCT20595,0,0
ACCT20597,0,0
ACCT20603,0,0
ACCT20606,0,0
ACCT20609,0,0
ACCT2061,0,0
ACCT20610,0,0
ACCT20625,0,0
ACCT20628,0,0
ACCT2063,0,0
ACCT20643,0,0
ACCT20644,0,0
ACCT20646,0,0
ACCT20652,0,0
ACCT20662,0,0
ACCT20670,0,0
ACCT20671,0,0
ACCT20676,0,0
ACCT2068,0,0
ACCT20688,0,0
ACCT20697,0,0
ACCT20700,0,0
ACCT20707,0,0
ACCT2071,0,0
ACCT20710,0,0
ACCT20712,0,0
ACCT20714,0,0
ACCT20719,0,0
ACCT20721,0,0
ACCT20728,0,0
ACCT20732,0,0
ACCT20734,0,0
ACCT20735,0,0
ACCT20742,0,0
ACCT2075,0,0
ACCT20753,0,0
ACCT20764,0,0
ACCT20771,0,0
ACCT20782,0,0
ACCT20786,0,0
ACCT20790,0,0
ACCT20791,0,0
ACCT20792,0,0
ACCT20793,0,0
ACCT20797,0,0
ACCT20799,0,0
ACCT20806,0,0
ACCT20811,0,0
ACCT20814,0,0
ACCT20816,0,0
ACCT20817,0,0
ACCT20819,0,0
ACCT2082,0,0
ACCT20820,0,0
ACCT20825,0,0
ACCT20827,0,0
ACCT20832,0,0
ACCT20835,0,0
ACCT20837,0,0
ACCT20839,0,0
ACCT2084,0,0
ACCT20843,0,0
ACCT20851,0,0
ACCT20853,0,0
ACCT20858,0,0
ACCT20861,0,0
ACCT20862,0,0
ACCT20863,0,0
ACCT20870,0,0
ACCT20875,0,0
ACCT20876,0,0
ACCT20880,0,0
ACCT20886,0,0
ACCT2089,0,0
ACCT20895,0,0
ACCT20899,0,0
ACCT20902,0,0
ACCT20907,0,0
ACCT20923,0,0
ACCT20924,0,0
ACCT20925,0,0
ACCT20927,0,0
ACCT20930,0,0
ACCT20939,0,0
ACCT2094,0,0
ACCT20951,0,0
ACCT20953,0,0
ACCT20956,0,0
ACCT20962,0,0
ACCT20966,0,0
ACCT2097,0,0
ACCT20971,0,0
ACCT20975,0,0
ACCT20977,0,0
ACCT20979,0,0
ACCT20983,0,0
ACCT20984,0,0
ACCT20986,0,0
ACCT20987,0,0
ACCT20988,0,0
ACCT20998,0,0
ACCT210,0,0
ACCT21009,0,0
ACCT21011,0,0
ACCT21013,0,0
ACCT21022,0,0
ACCT21026,0,0
ACCT21028,0,0
ACCT21055,0,0
ACCT21059,0,0
ACCT2106,0,0
ACCT21060,0,0
ACCT21061,0,0
ACCT21063,0,0
ACCT21065,0,0
ACCT21072,0,0
ACCT21073,0,0
ACCT21075,0,0
ACCT21076,0,0
ACCT21080,0,0
ACCT21087,0,0
ACCT21088,0,0
ACCT21089,0,0
ACCT21090,0,0
ACCT21091,0,0
ACCT21097,0,0
ACCT21102,0,0
ACCT21105,0,0
ACCT21106,0,0
ACCT21111,0,0
ACCT21115,0,0
ACCT21118,0,0
ACCT21119,0,0
ACCT2112,0,0
ACCT21127,0,0
ACCT21133,0,0
ACCT2114,0,0
ACCT21142,0,0
ACCT21152,0,0
ACCT21154,0,0
ACCT21156,0,0
ACCT21157,0,0
ACCT21167,0,0
ACCT21168,0,0
ACCT21176,0,0
ACCT21177,0,0
ACCT21179,0,0
ACCT2118,0,0
ACCT21180,0,0
ACCT21182,0,0
ACCT21183,0,0
ACCT21190,0,0
ACCT21192,0,0
ACCT21194,0,0
ACCT21196,0,0
ACCT21197,0,0
ACCT21199,0,0
ACCT21223,0,0
ACCT21224,0,0
ACCT21226,0,0
ACCT21230,0,0
ACCT21233,0,0
ACCT21234,0,0
ACCT21235,0,0
ACCT21238,0,0
ACCT21243,0,0
ACCT21244,0,0
ACCT21256,0,0
ACCT21259,0,0
ACCT21275,0,0
ACCT21276,0,0
ACCT21292,0,0
ACCT21293,0,0
ACCT21294,0,0
ACCT21296,0,0
ACCT21309,0,0
ACCT21324,0,0
ACCT21325,0,0
ACCT21328,0,0
ACCT21329,0,0
ACCT21333,0,0
ACCT21335,0,0
ACCT21338,0,0
ACCT21339,0,0
ACCT2134,0,0
ACCT21343,0,0
ACCT21346,0,0
ACCT21357,0,0
ACCT21363,0,0
ACCT2137,0,0
ACCT21371,0,0
ACCT21392,0,0
ACCT21398,0,0
ACCT214,0,0
ACCT21410,0,0
ACCT21412,0,0
ACCT21416,0,0
ACCT21420,0,0
ACCT21439,0,0
ACCT2144,0,0
ACCT21444,0,0
ACCT21454,0,0
ACCT21457,0,0
ACCT21459,0,0
ACCT2146,0,0
ACCT21477,0,0
ACCT21482,0,0
ACCT21483,0,0
ACCT21484,0,0
ACCT21489,0,0
ACCT21494,0,0
ACCT21501,0,0
ACCT21502,0,0
ACCT21504,0,0
ACCT21509,0,0
ACCT21510,0,0
ACCT21512,0,0
ACCT21513,0,0
ACCT21516,0,0
ACCT21532,0,0
ACCT21534,0,0
ACCT21536,0,0
ACCT21546,0,0
ACCT21552,0,0
ACCT21554,0,0
ACCT21556,0,0
ACCT21558,0,0
ACCT21581,0,0
ACCT21582,0,0
ACCT21591,0,0
ACCT21592,0,0
ACCT21593,0,0
ACCT21594,0,0
ACCT21602,0,0
ACCT21604,0,0
ACCT21606,0,0
ACCT21609,0,0
ACCT21618,0,1
ACCT2162,0,0
ACCT21621,0,0
ACCT21625,0,0
ACCT21635,0,0
ACCT21638,0,0
ACCT2164,0,0
ACCT21640,0,0
ACCT21641,0,0
ACCT21647,0,0
ACCT2165,0,0
ACCT21650,0,0
ACCT21652,0,0
ACCT21655,0,0
ACCT21656,0,0
ACCT21666,0,0
ACCT21676,0,0
ACCT21684,0,0
ACCT2170,0,0
ACCT21701,0,0
ACCT21704,0,0
ACCT21707,0,0
ACCT21708,0,0
ACCT2171,0,0
ACCT21716,0,0
ACCT21720,0,0
ACCT21722,0,0
ACCT21734,0,0
ACCT21743,0,0
ACCT21744,0,0
ACCT2175,0,0
ACCT21750,0,0
ACCT21755,0,0
ACCT21756,0,0
ACCT21760,0,0
ACCT21761,0,0
ACCT21765,0,0
ACCT21769,0,0
ACCT2177,0,0
ACCT21782,0,0
ACCT21786,0,0
ACCT21789,0,0
ACCT21795,0,0
ACCT21809,0,0
ACCT2181,0,0
ACCT21814,0,0
ACCT21815,0,0
ACCT21819,0,0
ACCT21828,0,0
ACCT21829,0,0
ACCT21835,0,0
ACCT2184,0,0
ACCT21842,0,0
ACCT21843,0,0
ACCT21854,0,0
ACCT21855,0,0
ACCT21856,0,0
ACCT21862,0,0
ACCT21865,0,0
ACCT21868,0,0
ACCT21879,0,0
ACCT21880,0,0
ACCT21881,0,0
ACCT21903,0,0
ACCT21904,0,0
ACCT21905,0,0
ACCT2191,0,0
ACCT21912,0,0
ACCT21928,0,0
ACCT21929,0,0
ACCT21930,0,0
ACCT21936,0,0
ACCT21937,0,0
ACCT21939,0,0
ACCT21940,0,0
ACCT21961,0,0
ACCT21964,0,0
ACCT21965,0,0
ACCT21972,0,0
ACCT21976,0,0
ACCT21979,0,0
ACCT21981,0,0
ACCT21982,0,0
ACCT21983,0,0
ACCT21985,0,0
ACCT21996,0,0
ACCT21997,0,0
ACCT22003,0,0
ACCT22008,0,0
ACCT22019,0,0
ACCT22029,0,0
ACCT22033,0,0
ACCT22037,0,0
ACCT22040,0,0
ACCT22041,0,0
ACCT22045,0,0
ACCT22046,0,0
ACCT22052,0,0
ACCT2206,0,0
ACCT22062,0,0
ACCT22064,0,0
ACCT22065,0,0
ACCT22076,0,0
ACCT22077,0,0
ACCT22087,0,0
ACCT2209,0,0
ACCT22093,0,0
ACCT22105,0,0
ACCT22112,0,0
ACCT22125,0,0
ACCT2213,0,0
ACCT2214,0,0
ACCT22150,0,0
ACCT22152,0,0
ACCT2216,0,0
ACCT22162,0,0
ACCT22165,0,0
ACCT2217,0,0
ACCT22179,0,0
ACCT22185,0,0
ACCT22188,0,0
ACCT22189,0,0
ACCT22191,0,0
ACCT22192,0,0
ACCT22195,0,0
ACCT222,0,0
ACCT22200,0,0
ACCT22205,0,0
ACCT2221,0,0
ACCT22215,0,0
ACCT22217,0,0
ACCT22218,0,0
ACCT22222,0,0
ACCT22226,0,0
ACCT22227,0,0
ACCT22236,0,0
ACCT22237,0,0
ACCT22239,0,0
ACCT2224,0,0
ACCT22242,0,0
ACCT22243,0,0
ACCT22254,0,0
ACCT22257,0,0
ACCT22264,0,0
ACCT22271,0,0
ACCT22278,0,0
ACCT2228,0,0
ACCT22280,0,0
ACCT22287,0,0
ACCT22288,0,0
ACCT22290,0,0
ACCT22293,0,0
ACCT22294,0,0
ACCT22298,0,0
ACCT22300,0,0
ACCT22308,0,0
ACCT22312,0,0
ACCT22313,0,0
ACCT22326,0,0
ACCT22327,0,0
ACCT22331,0,0
ACCT22335,0,0
ACCT22338,0,0
ACCT22342,0,0
ACCT22345,0,0
ACCT22346,0,0
ACCT22359,0,0
ACCT22361,0,0
ACCT22363,0,0
ACCT22386,0,0
ACCT22389,0,0
ACCT22392,0,0
ACCT22395,0,0
ACCT22397,0,0
ACCT22399,0,0
ACCT2240,0,0
ACCT22400,0,0
ACCT22402,0,0
ACCT22403,0,0
ACCT22406,0,0
ACCT22416,0,0
ACCT22429,0,0
ACCT2243,0,0
ACCT22431,0,0
ACCT22435,0,0
ACCT22437,0,0
ACCT22442,0,0
ACCT22447,0,0
ACCT22449,0,0
ACCT22458,0,0
ACCT22470,0,0
ACCT22477,0,0
ACCT22483,0,0
ACCT22489,0,0
ACCT22494,0,0
ACCT22509,0,0
ACCT22510,0,0
ACCT22517,0,0
ACCT22519,0,0
ACCT22526,0,0
ACCT22530,0,0
ACCT22531,0,0
ACCT22535,0,0
ACCT22546,0,0
ACCT22547,0,1
ACCT22549,0,0
ACCT22558,0,0
ACCT22562,0,0
ACCT22564,0,0
ACCT22565,0,0
ACCT22569,0,0
ACCT2257,0,0
ACCT22573,0,0
ACCT22579,0,0
ACCT22581,0,0
ACCT22583,0,0
ACCT22592,0,0
ACCT22595,0,0
ACCT22598,0,0
ACCT2260,0,0
ACCT22601,0,0
ACCT22610,0,0
ACCT22613,0,0
ACCT22614,0,0
ACCT22615,0,0
ACCT22617,0,0
ACCT22620,0,0
ACCT22624,0,0
ACCT22626,0,0
ACCT22639,0,0
ACCT22640,0,0
ACCT22647,0,0
ACCT2266,0,0
ACCT22669,0,0
ACCT22671,0,0
ACCT22675,0,0
ACCT22680,0,0
ACCT22698,0,0
ACCT22699,0,0
ACCT22700,0,0
ACCT22701,0,0
ACCT22707,0,0
ACCT22712,0,0
ACCT22715,0,0
ACCT22727,0,0
ACCT22732,0,0
ACCT22734,0,0
ACCT22743,0,0
ACCT22748,0,0
ACCT22752,0,0
ACCT22759,0,0
ACCT2276,0,0
ACCT2277,0,0
ACCT22770,0,0
ACCT22777,0,0
ACCT2278,0,0
ACCT22784,0,0
ACCT22792,0,0
ACCT22793,0,0
ACCT22797,0,0
ACCT22798,0,0
ACCT2280,0,0
ACCT22804,0,0
ACCT22812,0,0
ACCT22817,0,0
ACCT22824,0,0
ACCT22827,0,0
ACCT2283,0,0
ACCT22832,0,0
ACCT22834,0,0
ACCT22850,0,0
ACCT22852,0,0
ACCT22853,0,0
ACCT22859,0,0
ACCT22862,0,0
ACCT22869,0,0
ACCT22871,0,0
ACCT22890,0,0
ACCT22891,0,0
ACCT22896,0,0
ACCT229,0,0
ACCT2291,0,0
ACCT22910,0,0
ACCT22911,0,0
ACCT22913,0,0
ACCT2292,0,0
ACCT22923,0,0
ACCT22924,0,0
ACCT22926,0,0
ACCT22930,0,0
ACCT22934,0,0
ACCT22935,0,0
ACCT22943,0,0
ACCT22944,0,0
ACCT22951,0,0
ACCT22952,0,0
ACCT22965,0,0
ACCT22973,0,0
ACCT22977,0,0
ACCT2298,0,0
ACCT22980,0,0
ACCT22985,0,0
ACCT22995,0,0
ACCT2300,0,0
ACCT23000,0,0
ACCT23007,0,0
ACCT23008,0,0
ACCT23011,0,0
ACCT23027,0,0
ACCT23030,0,0
ACCT23046,0,0
ACCT23054,0,0
ACCT23063,0,0
ACCT23065,0,0
ACCT23066,0,0
ACCT23068,0,0
ACCT23069,0,0
ACCT23075,0,0
ACCT23076,0,0
ACCT23077,0,0
ACCT23079,0,0
ACCT23084,0,0
ACCT23086,0,0
ACCT23087,0,0
ACCT23095,0,0
ACCT2310,0,0
ACCT23103,0,0
ACCT23107,0,0
ACCT23109,0,0
ACCT23110,0,0
ACCT23113,0,0
ACCT23115,0,0
ACCT23125,0,0
ACCT23128,0,0
ACCT23136,0,0
ACCT23140,0,0
ACCT23145,0,0
ACCT23147,0,0
ACCT23148,0,0
ACCT23154,0,0
ACCT23157,0,0
ACCT23158,0,0
ACCT23163,0,0
ACCT23173,0,0
ACCT23181,0,0
ACCT23184,0,0
ACCT23197,0,0
ACCT23199,0,0
ACCT23215,0,0
ACCT23216,0,0
ACCT23217,0,0
ACCT23222,0,0
ACCT23229,0,0
ACCT23231,0,0
ACCT23235,0,0
ACCT23243,0,0
ACCT23247,0,0
ACCT23248,0,0
ACCT23249,0,0
ACCT23250,0,0
ACCT23251,0,0
ACCT23252,0,0
ACCT23253,0,0
ACCT23255,0,0
ACCT23256,0,0
ACCT23258,0,0
ACCT2326,0,0
ACCT23260,0,0
ACCT23283,0,0
ACCT23284,0,0
ACCT23294,0,0
ACCT23295,0,0
ACCT23297,0,0
ACCT23300,0,0
ACCT23301,0,0
ACCT23302,0,0
ACCT23309,0,0
ACCT23312,0,0
ACCT23315,0,0
ACCT2332,0,0
ACCT2334,0,0
ACCT23344,0,0
ACCT23347,0,0
ACCT23348,0,0
ACCT2335,0,0
ACCT23351,0,0
ACCT23355,0,0
ACCT23362,0,0
ACCT23367,0,0
ACCT23372,0,0
ACCT23373,0,0
ACCT23376,0,0
ACCT23378,0,0
ACCT23379,0,0
ACCT23380,0,0
ACCT23385,0,0
ACCT23386,0,0
ACCT23388,0,0
ACCT23392,0,0
ACCT234,0,0
ACCT23400,0,0
ACCT23404,0,0
ACCT23407,0,0
ACCT23409,0,0
ACCT2341,0,0
ACCT23410,0,0
ACCT23414,0,0
ACCT23415,0,0
ACCT23420,0,0
ACCT23421,0,0
ACCT23432,0,0
ACCT23437,0,0
ACCT23444,0,0
ACCT23447,0,0
ACCT23450,0,0
ACCT23454,0,0
ACCT23455,0,0
ACCT23457,0,0
ACCT23458,0,0
ACCT23464,0,0
ACCT23466,0,0
ACCT23475,0,0
ACCT23478,0,0
ACCT2348,0,0
ACCT23493,0,0
ACCT23494,0,0
ACCT23496,0,0
ACCT23500,0,0
ACCT23518,0,0
ACCT23519,0,0
ACCT23521,0,0
ACCT23526,0,0
ACCT23533,0,0
ACCT2354,0,0
ACCT23543,0,0
ACCT23546,0,0
ACCT23549,0,0
ACCT2355,0,0
ACCT23552,0,0
ACCT23553,0,0
ACCT23558,0,0
ACCT23560,0,0
ACCT23562,0,0
ACCT23566,0,0
ACCT23567,0,0
ACCT23569,0,0
ACCT23573,0,0
ACCT23578,0,0
ACCT23580,0,0
ACCT23590,0,0
ACCT23591,0,0
ACCT23592,0,0
ACCT23594,0,0
ACCT23596,0,0
ACCT23611,0,0
ACCT23614,0,0
ACCT23615,0,0
ACCT23616,0,0
ACCT23617,0,0
ACCT2362,0,0
ACCT23620,0,0
ACCT23621,0,0
ACCT23622,0,0
ACCT23624,0,0
ACCT23625,0,0
ACCT23636,0,0
ACCT23645,0,0
ACCT23658,0,0
ACCT23683,0,0
ACCT2369,0,0
ACCT23693,0,0
ACCT237,0,0
ACCT23701,0,0
ACCT23703,0,0
ACCT23707,0,0
ACCT23709,0,0
ACCT23715,0,0
ACCT23718,0,0
ACCT2372,0,0
ACCT23726,0,0
ACCT23727,0,0
ACCT23735,0,0
ACCT2374,0,0
ACCT23742,0,0
ACCT23757,0,0
ACCT23760,0,0
ACCT23762,0,0
ACCT23763,0,0
ACCT2377,0,0
ACCT23772,0,0
ACCT23781,0,0
ACCT23782,0,0
ACCT23784,0,0
ACCT23785,0,0
ACCT23787,0,0
ACCT23791,0,0
ACCT23796,0,0
ACCT2380,0,0
ACCT23801,0,0
ACCT23804,0,0
ACCT23806,0,0
ACCT23816,0,0
ACCT23817,0,0
ACCT23818,0,0
ACCT23828,0,0
ACCT23829,0,0
ACCT2384,0,0
ACCT23849,0,0
ACCT2385,0,0
ACCT2386,0,0
ACCT23860,0,0
ACCT23872,0,0
ACCT23875,0,0
ACCT2388,0,0
ACCT23880,0,0
ACCT23891,0,0
ACCT23892,0,0
ACCT23893,0,0
ACCT23895,0,0
ACCT23902,0,0
ACCT23904,0,0
ACCT23911,0,0
ACCT23912,0,0
ACCT23916,0,0
ACCT23929,0,0
ACCT23936,0,0
ACCT2394,0,0
ACCT23949,0,0
ACCT23950,0,0
ACCT23951,0,0
ACCT23953,0,0
ACCT23956,0,0
ACCT23957,0,0
ACCT23958,0,0
ACCT23959,0,0
ACCT23969,0,0
ACCT23972,0,0
ACCT23973,0,0
ACCT23974,0,0
ACCT23975,0,0
ACCT23976,0,0
ACCT23977,0,0
ACCT23980,0,0
ACCT23983,0,0
ACCT23984,0,0
ACCT23997,0,0
ACCT24,0,0
ACCT2400,0,0
ACCT24002,0,0
ACCT24003,0,0
ACCT24004,0,0
ACCT24006,0,0
ACCT24016,0,0
ACCT24029,0,0
ACCT24038,0,0
ACCT24040,0,0
ACCT24054,0,0
ACCT24056,0,0
ACCT2407,0,0
ACCT24077,0,0
ACCT24078,0,0
ACCT24079,0,0
ACCT24091,0,0
ACCT24093,0,0
ACCT24097,0,0
ACCT241,0,0
ACCT24110,0,0
ACCT24115,0,0
ACCT24116,0,0
ACCT24126,0,0
ACCT2413,0,0
ACCT24142,0,0
ACCT2415,0,0
ACCT24153,0,0
ACCT24166,0,0
ACCT24169,0,0
ACCT24170,0,0
ACCT24179,0,0
ACCT24185,0,0
ACCT24189,0,0
ACCT2419,0,0
ACCT24195,0,0
ACCT24196,0,0
ACCT24202,0,0
ACCT24218,0,0
ACCT2423,0,0
ACCT24233,0,0
ACCT24239,0,0
ACCT24246,0,0
ACCT24251,0,0
ACCT24255,0,0
ACCT24256,0,0
ACCT24257,0,0
ACCT24258,0,0
ACCT24265,0,0
ACCT24267,0,0
ACCT24270,0,0
ACCT24280,0,0
ACCT24284,0,0
ACCT24286,0,0
ACCT24288,0,0
ACCT24292,0,0
ACCT24294,0,0
ACCT24296,0,0
ACCT24298,0,0
ACCT24299,0,0
ACCT2430,0,0
ACCT24310,0,0
ACCT24313,0,0
ACCT24315,0,0
ACCT24325,0,0
ACCT24326,0,0
ACCT24327,0,0
ACCT24330,0,0
ACCT24331,0,0
ACCT24332,0,0
ACCT24333,0,0
ACCT24336,0,0
ACCT2434,0,0
ACCT24348,0,0
ACCT24352,0,0
ACCT24353,0,0
ACCT24354,0,0
ACCT24360,0,0
ACCT24361,0,0
ACCT24368,0,0
ACCT2437,0,0
ACCT24371,0,0
ACCT24374,0,0
ACCT24379,0,0
ACCT24382,0,0
ACCT24385,0,0
ACCT24392,0,0
ACCT24393,0,0
ACCT2440,0,0
ACCT24402,0,0
ACCT24403,0,0
ACCT2441,0,0
ACCT24413,0,0
ACCT2442,0,0
ACCT24425,0,0
ACCT24426,0,0
ACCT24436,0,0
ACCT24441,0,0
ACCT24445,0,0
ACCT24446,0,0
ACCT24448,0,0
ACCT24452,0,0
ACCT24454,0,0
ACCT24455,0,0
ACCT24457,0,0
ACCT24458,0,0
ACCT2446,0,0
ACCT24464,0,0
ACCT24468,0,0
ACCT24474,0,0
ACCT24477,0,0
ACCT24478,0,0
ACCT24485,0,0
ACCT24486,0,0
ACCT24487,0,0
ACCT24488,0,0
ACCT24489,0,0
ACCT24499,0,0
ACCT2450,0,0
ACCT24501,0,0
ACCT24503,0,0
ACCT24510,0,0
ACCT24513,0,0
ACCT24553,0,0
ACCT24554,0,0
ACCT24555,0,0
ACCT24556,0,0
ACCT24557,0,0
ACCT24558,0,0
ACCT24562,0,0
ACCT24568,0,0
ACCT2457,0,0
ACCT24573,0,0
ACCT24574,0,0
ACCT24580,0,0
ACCT24590,0,0
ACCT24592,0,0
ACCT24601,0,0
ACCT24605,0,0
ACCT24607,0,0
ACCT24613,0,0
ACCT24624,0,0
ACCT24626,0,0
ACCT24631,0,0
ACCT2464,0,0
ACCT24640,0,0
ACCT24648,0,0
ACCT24656,0,0
ACCT24679,0,0
ACCT24689,0,0
ACCT24725,0,0
ACCT24727,0,0
ACCT24729,0,0
ACCT24732,0,0
ACCT24735,0,0
ACCT24737,0,0
ACCT24743,0,0
ACCT24745,0,0
ACCT2475,0,0
ACCT24757,0,0
ACCT24759,0,0
ACCT24764,0,0
ACCT24765,0,0
ACCT24766,0,0
ACCT24774,0,0
ACCT24777,0,0
ACCT24782,0,0
ACCT24784,0,0
ACCT24785,0,0
ACCT24786,0,0
ACCT24787,0,0
ACCT24788,0,0
ACCT24805,0,0
ACCT24813,0,0
ACCT24817,0,0
ACCT24822,0,0
ACCT24839,0,0
ACCT24844,0,0
ACCT24847,0,0
ACCT24856,0,0
ACCT24860,0,0
ACCT2487,0,0
ACCT24884,0,0
ACCT24889,0,0
ACCT24892,0,0
ACCT24900,0,0
ACCT24908,0,0
ACCT24909,0,0
ACCT24915,0,0
ACCT24916,0,0
ACCT24918,0,0
ACCT2492,0,0
ACCT24921,0,0
ACCT24922,0,0
ACCT24929,0,0
ACCT24933,0,0
ACCT24935,0,0
ACCT24939,0,0
ACCT24940,0,0
ACCT24942,0,0
ACCT24944,0,0
ACCT24949,0,0
ACCT24956,0,0
ACCT24959,0,0
ACCT24962,0,0
ACCT24968,0,0
ACCT2497,0,0
ACCT24976,0,0
ACCT24977,0,0
ACCT2498,0,0
ACCT24981,0,0
ACCT24982,0,0
ACCT24988,0,0
ACCT2499,0,0
ACCT24992,0,0
ACCT250,0,0
ACCT25000,0,0
ACCT25002,0,0
ACCT25013,0,0
ACCT25015,0,0
ACCT25023,0,0
ACCT25027,0,0
ACCT25032,0,0
ACCT25037,0,0
ACCT25039,0,0
ACCT2505,0,0
ACCT25056,0,0
ACCT25058,0,0
ACCT25059,0,0
ACCT25062,0,0
ACCT25063,0,0
ACCT25067,0,0
ACCT25072,0,0
ACCT25073,0,0
ACCT25081,0,0
ACCT25082,0,0
ACCT25084,0,0
ACCT25088,0,0
ACCT2509,0,0
ACCT25091,0,0
ACCT25094,0,0
ACCT25096,0,0
ACCT251,0,0
ACCT25100,0,0
ACCT25103,0,0
ACCT25109,0,0
ACCT25113,0,0
ACCT25119,0,0
ACCT25123,0,0
ACCT25125,0,0
ACCT25126,0,0
ACCT25128,0,0
ACCT2513,0,0
ACCT25137,0,0
ACCT25155,0,0
ACCT25163,0,0
ACCT25164,0,0
ACCT25167,0,0
ACCT25184,0,0
ACCT252,0,0
ACCT25206,0,0
ACCT25207,0,0
ACCT25237,0,0
ACCT25239,0,0
ACCT25244,0,0
ACCT25246,0,0
ACCT25247,0,0
ACCT25249,0,0
ACCT25253,0,0
ACCT25258,0,0
ACCT25263,0,0
ACCT25266,0,0
ACCT25267,0,0
ACCT25274,0,0
ACCT25278,0,0
ACCT25282,0,0
ACCT25286,0,0
ACCT253,0,0
ACCT25308,0,0
ACCT2531,0,0
ACCT25311,0,0
ACCT25314,0,0
ACCT25323,0,0
ACCT25328,0,0
ACCT25333,0,0
ACCT25336,0,0
ACCT25337,0,0
ACCT25346,0,0
ACCT25347,0,0
ACCT25350,0,0
ACCT25352,0,0
ACCT25361,0,0
ACCT25380,0,0
ACCT25381,0,0
ACCT25384,0,0
ACCT25385,0,0
ACCT25386,0,0
ACCT25395,0,0
ACCT25399,0,0
ACCT25405,0,0
ACCT25406,0,0
ACCT25415,0,0
ACCT25417,0,0
ACCT25428,0,0
ACCT25431,0,0
ACCT25440,0,0
ACCT25450,0,0
ACCT25452,0,0
ACCT25454,0,0
ACCT25466,0,0
ACCT25469,0,0
ACCT25470,0,0
ACCT25471,0,0
ACCT25472,0,0
ACCT25474,0,0
ACCT25475,0,0
ACCT25476,0,0
ACCT25477,0,0
ACCT25478,0,0
ACCT25488,0,0
ACCT25489,0,0
ACCT2549,0,0
ACCT25491,0,0
ACCT25492,0,0
ACCT25493,0,0
ACCT25494,0,0
ACCT25496,0,0
ACCT25498,0,0
ACCT25507,0,0
ACCT25510,0,0
ACCT25511,0,0
ACCT25516,0,0
ACCT2552,0,0
ACCT25523,0,0
ACCT25524,0,0
ACCT25525,0,0
ACCT25533,0,0
ACCT25534,0,0
ACCT25535,0,0
ACCT25540,0,0
ACCT25542,0,0
ACCT25552,0,0
ACCT25557,0,0
ACCT25562,0,0
ACCT25572,0,0
ACCT25573,0,0
ACCT25576,0,0
ACCT25577,0,0
ACCT25589,0,0
ACCT25592,0,0
ACCT25604,0,0
ACCT25605,0,0
ACCT25610,0,0
ACCT25616,0,0
ACCT25617,0,0
ACCT25626,0,0
ACCT25629,0,0
ACCT2564,0,0
ACCT25649,0,0
ACCT25650,0,0
ACCT25651,0,0
ACCT25652,0,0
ACCT25653,0,0
ACCT25656,0,0
ACCT2566,0,0
ACCT25660,0,0
ACCT25667,0,0
ACCT25668,0,0
ACCT25671,0,0
ACCT25682,0,0
ACCT25688,0,0
ACCT2569,0,0
ACCT25694,0,0
ACCT25699,0,0
ACCT25718,0,0
ACCT25719,0,0
ACCT2572,0,0
ACCT25720,0,0
ACCT25721,0,0
ACCT25722,0,0
ACCT2573,0,0
ACCT25731,0,0
ACCT25736,0,0
ACCT25737,0,0
ACCT2574,0,0
ACCT25741,0,0
ACCT25742,0,0
ACCT25744,0,0
ACCT25757,0,0
ACCT25762,0,0
ACCT25774,0,0
ACCT25777,0,0
ACCT25778,0,0
ACCT25779,0,0
ACCT25788,0,0
ACCT25789,0,0
ACCT25790,0,0
ACCT25798,0,0
ACCT25811,0,0
ACCT25833,0,0
ACCT25838,0,0
ACCT25839,0,0
ACCT25840,0,0
ACCT25842,0,0
ACCT25848,0,0
ACCT2585,0,0
ACCT25858,0,0
ACCT25859,0,0
ACCT25860,0,0
ACCT25875,0,0
ACCT25884,0,0
ACCT25892,0,0
ACCT25893,0,0
ACCT25902,0,0
ACCT25906,0,0
ACCT25907,0,0
ACCT25908,0,0
ACCT25909,0,0
ACCT2591,0,0
ACCT25922,0,0
ACCT25929,0,0
ACCT25937,0,0
ACCT25940,0,0
ACCT25942,0,0
ACCT25949,0,0
ACCT2595,0,0
ACCT25950,0,0
ACCT25951,0,0
ACCT25952,0,0
ACCT25953,0,0
ACCT25954,0,0
ACCT25955,0,0
ACCT25956,0,0
ACCT25963,0,0
ACCT25965,0,0
ACCT25971,0,0
ACCT25977,0,0
ACCT25978,0,0
ACCT25982,0,0
ACCT25984,0,0
ACCT25989,0,0
ACCT25991,0,0
ACCT25996,0,0
ACCT2600,0,0
ACCT26006,0,0
ACCT26009,0,0
ACCT26014,0,0
ACCT26017,0,0
ACCT26024,0,0
ACCT26031,0,0
ACCT26033,0,0
ACCT2604,0,0
ACCT26040,0,0
ACCT26047,0,0
ACCT26057,0,0
ACCT26058,0,0
ACCT26062,0,0
ACCT26063,0,0
ACCT26076,0,0
ACCT26092,0,0
ACCT26095,0,0
ACCT26098,0,0
ACCT26099,0,0
ACCT261,0,0
ACCT26104,0,0
ACCT26107,0,0
ACCT26111,0,0
ACCT26116,0,0
ACCT26117,0,0
ACCT26120,0,0
ACCT26121,0,0
ACCT2613,0,0
ACCT26133,0,0
ACCT26135,0,0
ACCT26139,0,0
ACCT26145,0,0
ACCT26146,0,0
ACCT26147,0,0
ACCT26157,0,0
ACCT26158,0,0
ACCT26164,0,0
ACCT26169,0,0
ACCT26171,0,0
ACCT26172,0,0
ACCT26174,0,0
ACCT26176,0,0
ACCT26181,0,0
ACCT26188,0,0
ACCT26198,0,0
ACCT26200,0,0
ACCT26204,0,0
ACCT26214,0,0
ACCT26227,0,0
ACCT26230,0,0
ACCT26236,0,0
ACCT26237,0,0
ACCT26239,0,0
ACCT26243,0,0
ACCT26244,0,0
ACCT26250,0,0
ACCT26258,0,0
ACCT26267,0,0
ACCT26273,0,0
ACCT26277,0,0
ACCT26281,0,0
ACCT26282,0,0
ACCT26283,0,0
ACCT26284,0,0
ACCT26285,0,0
ACCT26288,0,0
ACCT26291,0,0
ACCT26294,0,0
ACCT26298,0,0
ACCT26299,0,0
ACCT2630,0,0
ACCT26306,0,0
ACCT26309,0,0
ACCT26310,0,0
ACCT26311,0,0
ACCT26315,0,0
ACCT26319,0,0
ACCT26346,0,0
ACCT26347,0,0
ACCT26351,0,0
ACCT26356,0,0
ACCT26357,0,0
ACCT2636,0,0
ACCT26362,0,0
ACCT26366,0,0
ACCT26368,0,0
ACCT26369,0,0
ACCT2637,0,0
ACCT26374,0,0
ACCT26376,0,0
ACCT26379,0,0
ACCT26381,0,0
ACCT26387,0,0
ACCT26388,0,0
ACCT26389,0,0
ACCT26395,0,0
ACCT26403,0,0
ACCT26409,0,0
ACCT26411,0,0
ACCT26412,0,0
ACCT26419,0,0
ACCT26421,0,0
ACCT26444,0,0
ACCT26445,0,0
ACCT26449,0,0
ACCT26455,0,0
ACCT26458,0,0
ACCT26459,0,0
ACCT26464,0,0
ACCT2647,0,0
ACCT26472,0,0
ACCT26473,0,0
ACCT26474,0,0
ACCT26477,0,0
ACCT26480,0,0
ACCT26482,0,0
ACCT26487,0,0
ACCT26488,0,0
ACCT2649,0,0
ACCT26491,0,0
ACCT26495,0,0
ACCT26497,0,0
ACCT26500,0,0
ACCT26503,0,0
ACCT26506,0,0
ACCT26514,0,0
ACCT26517,0,0
ACCT26524,0,0
ACCT26526,0,0
ACCT26529,0,0
ACCT26536,0,0
ACCT2655,0,0
ACCT26552,0,0
ACCT26559,0,0
ACCT26570,0,0
ACCT26571,0,0
ACCT26573,0,0
ACCT26577,0,0
ACCT26578,0,0
ACCT26579,0,0
ACCT26598,0,0
ACCT26599,0,0
ACCT26605,0,0
ACCT26610,0,0
ACCT26614,0,0
ACCT26616,0,0
ACCT2662,0,0
ACCT26625,0,0
ACCT26629,0,0
ACCT26633,0,0
ACCT26635,0,0
ACCT2664,0,0
ACCT26642,0,0
ACCT26644,0,0
ACCT26654,0,0
ACCT26655,0,0
ACCT26659,0,0
ACCT2666,0,0
ACCT26661,0,0
ACCT2667,0,0
ACCT26670,0,0
ACCT26676,0,0
ACCT26682,0,0
ACCT26686,0,0
ACCT2669,0,0
ACCT26690,0,0
ACCT26692,0,0
ACCT26694,0,0
ACCT26696,0,0
ACCT26697,0,0
ACCT26699,0,0
ACCT26704,0,0
ACCT26706,0,0
ACCT26709,0,0
ACCT26710,0,0
ACCT26711,0,0
ACCT26718,0,0
ACCT26729,0,0
ACCT26731,0,0
ACCT26732,0,0
ACCT26736,0,0
ACCT26746,0,0
ACCT26748,0,0
ACCT26755,0,0
ACCT26756,0,0
ACCT26764,0,0
ACCT26771,0,0
ACCT2679,0,0
ACCT26791,0,0
ACCT26797,0,0
ACCT26798,0,0
ACCT2680,0,0
ACCT26804,0,0
ACCT26806,0,0
ACCT26810,0,0
ACCT26814,0,0
ACCT26815,0,0
ACCT26819,0,0
ACCT2682,0,0
ACCT26827,0,0
ACCT26842,0,0
ACCT26853,0,0
ACCT26854,0,0
ACCT26855,0,0
ACCT26861,0,0
ACCT26862,0,0
ACCT26866,0,0
ACCT26874,0,0
ACCT26876,0,0
ACCT26878,0,0
ACCT2688,0,0
ACCT2689,0,0
ACCT26890,0,0
ACCT26891,0,0
ACCT26895,0,0
ACCT26897,0,0
ACCT26899,0,0
ACCT269,0,0
ACCT26908,0,0
ACCT26909,0,0
ACCT2691,0,0
ACCT26916,0,0
ACCT26917,0,0
ACCT2692,0,0
ACCT26925,0,0
ACCT26930,0,0
ACCT26940,0,0
ACCT26948,0,0
ACCT26951,0,0
ACCT26955,0,0
ACCT26972,0,0
ACCT26981,0,0
ACCT26989,0,0
ACCT2699,0,0
ACCT26991,0,0
ACCT26994,0,0
ACCT27,0,0
ACCT270,0,0
ACCT27006,0,0
ACCT27007,0,0
ACCT27008,0,0
ACCT2701,0,0
ACCT27012,0,0
ACCT27015,0,0
ACCT27016,0,0
ACCT2702,0,0
ACCT2703,0,0
ACCT27032,0,0
ACCT27039,0,0
ACCT27040,0,0
ACCT27041,0,0
ACCT27042,0,0
ACCT27043,0,0
ACCT27052,0,0
ACCT27053,0,0
ACCT2706,0,0
ACCT27064,0,0
ACCT27070,0,0
ACCT27073,0,0
ACCT27074,0,0
ACCT27086,0,0
ACCT27089,0,0
ACCT27092,0,0
ACCT27102,0,0
ACCT27109,0,0
ACCT27122,0,0
ACCT27129,0,0
ACCT27130,0,0
ACCT27134,0,0
ACCT27135,0,0
ACCT27137,0,0
ACCT27139,0,0
ACCT27140,0,0
ACCT27143,0,0
ACCT27145,0,0
ACCT27146,0,0
ACCT27151,0,0
ACCT27155,0,0
ACCT27158,0,0
ACCT27164,0,0
ACCT27165,0,0
ACCT27166,0,0
ACCT27167,0,0
ACCT27168,0,0
ACCT27169,0,0
ACCT2717,0,0
ACCT27178,0,0
ACCT2718,0,0
ACCT27185,0,0
ACCT27187,0,0
ACCT27192,0,0
ACCT27194,0,0
ACCT272,0,0
ACCT27204,0,0
ACCT27207,0,0
ACCT2721,0,0
ACCT27210,0,0
ACCT27221,0,0
ACCT27224,0,0
ACCT27225,0,0
ACCT27227,0,0
ACCT27229,0,0
ACCT27236,0,0
ACCT27242,0,0
ACCT27244,0,0
ACCT27248,0,0
ACCT27249,0,0
ACCT2725,0,0
ACCT27250,0,0
ACCT27251,0,0
ACCT27252,0,0
ACCT27255,0,0
ACCT27257,0,0
ACCT2726,0,0
ACCT27265,0,0
ACCT27269,0,0
ACCT27273,0,0
ACCT27274,0,0
ACCT27275,0,0
ACCT27276,0,0
ACCT27291,0,0
ACCT2730,0,0
ACCT27306,0,0
ACCT27310,0,0
ACCT27313,0,0
ACCT27318,0,0
ACCT27345,0,0
ACCT27347,0,0
ACCT27350,0,0
ACCT27355,0,0
ACCT27357,0,0
ACCT2736,0,0
ACCT27362,0,0
ACCT2737,0,0
ACCT27370,0,0
ACCT27381,0,0
ACCT27387,0,0
ACCT27389,0,0
ACCT27393,0,0
ACCT27396,0,0
ACCT2741,0,0
ACCT2742,0,0
ACCT27421,0,0
ACCT27430,0,0
ACCT27431,0,0
ACCT27443,0,0
ACCT27447,0,0
ACCT27450,0,0
ACCT27451,0,0
ACCT27455,0,0
ACCT27457,0,0
ACCT27466,0,0
ACCT27469,0,0
ACCT27470,0,0
ACCT27473,0,0
ACCT27479,0,0
ACCT27480,0,0
ACCT27481,0,0
ACCT27483,0,0
ACCT27486,0,0
ACCT27487,0,0
ACCT27488,0,0
ACCT27495,0,0
ACCT27499,0,0
ACCT27500,0,0
ACCT27505,0,0
ACCT27506,0,0
ACCT27519,0,0
ACCT2752,0,0
ACCT27523,0,0
ACCT27537,0,0
ACCT27539,0,0
ACCT27540,0,0
ACCT27542,0,0
ACCT27543,0,0
ACCT2755,0,0
ACCT27555,0,0
ACCT2756,0,0
ACCT27560,0,0
ACCT27561,0,0
ACCT27564,0,0
ACCT27565,0,0
ACCT27570,0,0
ACCT27572,0,0
ACCT27573,0,0
ACCT27578,0,0
ACCT27579,0,0
ACCT2758,0,0
ACCT27581,0,0
ACCT27582,0,0
ACCT27585,0,0
ACCT27591,0,0
ACCT27596,0,0
ACCT27598,0,0
ACCT27599,0,0
ACCT27603,0,0
ACCT27604,0,0
ACCT27606,0,0
ACCT27607,0,0
ACCT27609,0,0
ACCT27610,0,0
ACCT27611,0,0
ACCT27613,0,0
ACCT27621,0,0
ACCT27622,0,0
ACCT27628,0,0
ACCT27631,0,0
ACCT27634,0,0
ACCT27654,0,0
ACCT2766,0,0
ACCT27670,0,0
ACCT27677,0,0
ACCT27681,0,0
ACCT27688,0,0
ACCT27695,0,0
ACCT27699,0,0
ACCT2770,0,0
ACCT27708,0,0
ACCT27711,0,0
ACCT27714,0,0
ACCT27719,0,0
ACCT27724,0,0
ACCT27727,0,0
ACCT27729,0,0
ACCT2773,0,0
ACCT27746,0,0
ACCT27752,0,0
ACCT27755,0,0
ACCT27756,0,0
ACCT27758,0,0
ACCT2776,0,0
ACCT27766,0,0
ACCT27767,0,0
ACCT27768,0,0
ACCT2777,0,0
ACCT27775,0,0
ACCT27782,0,0
ACCT2779,0,0
ACCT27791,0,0
ACCT27795,0,0
ACCT27799,0,0
ACCT27807,0,0
ACCT27809,0,0
ACCT2781,0,0
ACCT27816,0,0
ACCT27817,0,0
ACCT27818,0,0
ACCT27819,0,0
ACCT27824,0,0
ACCT27825,0,0
ACCT27827,0,0
ACCT27829,0,0
ACCT27834,0,0
ACCT27837,0,0
ACCT2785,0,0
ACCT27856,0,0
ACCT27858,0,0
ACCT27866,0,0
ACCT27868,0,0
ACCT27872,0,0
ACCT27877,0,0
ACCT27881,0,0
ACCT27883,0,0
ACCT27889,0,0
ACCT27902,0,0
ACCT27909,0,0
ACCT27910,0,0
ACCT27912,0,0
ACCT27917,0,0
ACCT27926,0,0
ACCT27933,0,0
ACCT27934,0,0
ACCT27935,0,0
ACCT27937,0,0
ACCT27940,0,0
ACCT27941,0,0
ACCT27942,0,0
ACCT27944,0,0
ACCT27956,0,0
ACCT27964,0,0
ACCT27977,0,0
ACCT27983,0,0
ACCT27984,0,0
ACCT27990,0,0
ACCT27992,0,0
ACCT27995,0,0
ACCT27997,0,0
ACCT27998,0,0
ACCT2800,0,0
ACCT28003,0,0
ACCT28005,0,0
ACCT28006,0,0
ACCT28007,0,0
ACCT28011,0,0
ACCT28022,0,0
ACCT28023,0,0
ACCT28035,0,0
ACCT28037,0,0
ACCT28039,0,0
ACCT28042,0,0
ACCT28046,0,0
ACCT28047,0,0
ACCT28056,0,0
ACCT28059,0,0
ACCT28062,0,0
ACCT28065,0,0
ACCT28066,0,0
ACCT28071,0,0
ACCT28074,0,0
ACCT28076,0,0
ACCT28082,0,0
ACCT28085,0,0
ACCT28089,0,0
ACCT28093,0,0
ACCT28099,0,0
ACCT28107,0,0
ACCT28108,0,0
ACCT28112,0,0
ACCT28114,0,0
ACCT28126,0,0
ACCT28128,0,0
ACCT28129,0,0
ACCT28130,0,0
ACCT28141,0,0
ACCT28147,0,0
ACCT28153,0,0
ACCT28165,0,0
ACCT28166,0,0
ACCT28168,0,0
ACCT28169,0,0
ACCT2817,0,0
ACCT28179,0,0
ACCT2818,0,0
ACCT28182,0,0
ACCT28183,0,0
ACCT28189,0,0
ACCT28199,0,0
ACCT28219,0,0
ACCT28235,0,0
ACCT28241,0,0
ACCT28246,0,0
ACCT28248,0,0
ACCT28252,0,0
ACCT28256,0,0
ACCT28259,0,0
ACCT28260,0,0
ACCT2827,0,0
ACCT28275,0,0
ACCT28276,0,0
ACCT28280,0,0
ACCT28281,0,0
ACCT28284,0,0
ACCT28288,0,0
ACCT2829,0,0
ACCT28297,0,0
ACCT28300,0,0
ACCT28304,0,0
ACCT28306,0,0
ACCT28310,0,0
ACCT28312,0,0
ACCT28315,0,0
ACCT28325,0,0
ACCT28327,0,0
ACCT28339,0,0
ACCT28340,0,0
ACCT28344,0,0
ACCT28345,0,0
ACCT28346,0,0
ACCT28347,0,0
ACCT28355,0,0
ACCT28362,0,0
ACCT28365,0,0
ACCT28373,0,0
ACCT28374,0,0
ACCT28377,0,0
ACCT28390,0,0
ACCT28394,0,0
ACCT28395,0,0
ACCT28399,0,0
ACCT28403,0,0
ACCT28404,0,0
ACCT28417,0,0
ACCT28425,0,0
ACCT2843,0,0
ACCT28442,0,0
ACCT28448,0,0
ACCT28452,0,0
ACCT28453,0,0
ACCT28462,0,0
ACCT28471,0,0
ACCT28480,0,0
ACCT28485,0,0
ACCT28504,0,0
ACCT28507,0,0
ACCT28511,0,0
ACCT28518,0,0
ACCT2852,0,0
ACCT2854,0,0
ACCT28541,0,0
ACCT28543,0,0
ACCT28544,0,0
ACCT28546,0,0
ACCT28547,0,0
ACCT28561,0,0
ACCT28564,0,0
ACCT2858,0,0
ACCT28582,0,0
ACCT28591,0,0
ACCT28592,0,0
ACCT28595,0,0
ACCT28600,0,0
ACCT28602,0,0
ACCT28605,0,0
ACCT28607,0,0
ACCT28609,0,0
ACCT2861,0,0
ACCT28613,0,0
ACCT28614,0,0
ACCT28616,0,0
ACCT28623,0,0
ACCT28641,0,0
ACCT28644,0,0
ACCT28650,0,0
ACCT28656,0,0
ACCT28659,0,0
ACCT28674,0,0
ACCT28676,0,0
ACCT2868,0,0
ACCT28686,0,0
ACCT28687,0,0
ACCT28691,0,0
ACCT28696,0,0
ACCT28698,0,0
ACCT28702,0,0
ACCT28708,0,0
ACCT28715,0,0
ACCT28716,0,0
ACCT2872,0,0
ACCT28723,0,0
ACCT28731,0,0
ACCT28732,0,0
ACCT28734,0,0
ACCT28739,0,0
ACCT28744,0,0
ACCT28745,0,0
ACCT2875,0,0
ACCT28753,0,0
ACCT28759,0,0
ACCT28762,0,0
ACCT28764,0,0
ACCT28765,0,0
ACCT28769,0,0
ACCT28774,0,0
ACCT28781,0,0
ACCT28798,0,0
ACCT288,0,0
ACCT2880,0,0
ACCT28801,0,0
ACCT28803,0,0
ACCT28804,0,0
ACCT28811,0,0
ACCT28818,0,0
ACCT28820,0,0
ACCT28827,0,0
ACCT28833,0,0
ACCT28840,0,0
ACCT28842,0,0
ACCT28845,0,0
ACCT28846,0,0
ACCT28848,0,0
ACCT28856,0,0
ACCT28857,0,0
ACCT28859,0,0
ACCT28860,0,0
ACCT28868,0,0
ACCT2887,0,0
ACCT28870,0,0
ACCT28871,0,0
ACCT28892,0,0
ACCT28903,0,0
ACCT28904,0,0
ACCT28908,0,0
ACCT2891,0,0
ACCT28911,0,0
ACCT28919,0,0
ACCT28922,0,0
ACCT28929,0,0
ACCT28933,0,0
ACCT28934,0,0
ACCT28936,0,0
ACCT28938,0,0
ACCT28945,0,0
ACCT28953,0,0
ACCT28954,0,0
ACCT28956,0,0
ACCT28958,0,0
ACCT28962,0,0
ACCT28969,0,0
ACCT28970,0,0
ACCT28971,0,0
ACCT28973,0,0
ACCT28975,0,0
ACCT28979,0,0
ACCT2898,0,0
ACCT28982,0,0
ACCT28985,0,0
ACCT28989,0,0
ACCT28993,0,0
ACCT28994,0,0
ACCT28995,0,0
ACCT29,0,0
ACCT290,0,0
ACCT29029,0,0
ACCT2903,0,0
ACCT29030,0,0
ACCT29031,0,0
ACCT29032,0,0
ACCT29041,0,0
ACCT29044,0,0
ACCT29052,0,0
ACCT29053,0,0
ACCT29055,0,0
ACCT29056,0,0
ACCT29058,0,0
ACCT2906,0,0
ACCT2907,0,0
ACCT29080,0,0
ACCT29081,0,0
ACCT29084,0,0
ACCT29089,0,0
ACCT2909,0,0
ACCT291,0,0
ACCT29102,0,0
ACCT29103,0,0
ACCT2911,0,0
ACCT29111,0,0
ACCT29112,0,0
ACCT29116,0,0
ACCT29118,0,0
ACCT29121,0,0
ACCT29123,0,0
ACCT29129,0,0
ACCT29131,0,0
ACCT29148,0,0
ACCT29158,0,0
ACCT29164,0,0
ACCT29166,0,0
ACCT29167,0,0
ACCT29170,0,0
ACCT29176,0,0
ACCT29182,0,0
ACCT29184,0,0
ACCT29186,0,0
ACCT29187,0,0
ACCT29189,0,0
ACCT29190,0,0
ACCT29192,0,0
ACCT29195,0,0
ACCT29200,0,0
ACCT29207,0,0
ACCT2921,0,0
ACCT29212,0,0
ACCT29215,0,0
ACCT29219,0,0
ACCT29228,0,0
ACCT29241,0,0
ACCT29248,0,0
ACCT29250,0,0
ACCT29254,0,0
ACCT29256,0,0
ACCT2927,0,0
ACCT29283,0,0
ACCT29286,0,0
ACCT29294,0,0
ACCT29295,0,0
ACCT2930,0,0
ACCT29300,0,0
ACCT29302,0,0
ACCT29319,0,0
ACCT29322,0,0
ACCT29333,0,0
ACCT29344,0,0
ACCT29345,0,0
ACCT29349,0,0
ACCT29350,0,0
ACCT29357,0,0
ACCT29365,0,0
ACCT29372,0,0
ACCT29378,0,0
ACCT29383,0,0
ACCT29384,0,0
ACCT294,0,0
ACCT29402,0,0
ACCT29403,0,0
ACCT29406,0,0
ACCT29407,0,0
ACCT29408,0,0
ACCT29410,0,0
ACCT29411,0,0
ACCT29421,0,0
ACCT29432,0,0
ACCT29445,0,0
ACCT29450,0,0
ACCT29455,0,0
ACCT2947,0,0
ACCT29483,0,0
ACCT29495,0,0
ACCT29500,0,0
ACCT29503,0,0
ACCT29509,0,0
ACCT29513,0,0
ACCT29514,0,0
ACCT29517,0,0
ACCT29531,0,0
ACCT29532,0,0
ACCT29535,0,0
ACCT29543,0,0
ACCT29551,0,0
ACCT29552,0,0
ACCT29562,0,0
ACCT29564,0,0
ACCT29567,0,0
ACCT29568,0,0
ACCT29569,0,0
ACCT29573,0,0
ACCT29574,0,0
ACCT29577,0,0
ACCT2958,0,0
ACCT29586,0,0
ACCT29589,0,0
ACCT29597,0,0
ACCT2960,0,0
ACCT29600,0,0
ACCT29603,0,0
ACCT29604,0,0
ACCT29605,0,0
ACCT29606,0,0
ACCT29607,0,0
ACCT29608,0,0
ACCT29609,0,0
ACCT2961,0,0
ACCT29610,0,0
ACCT29611,0,0
ACCT29615,0,0
ACCT29625,0,0
ACCT29627,0,0
ACCT29628,0,0
ACCT29644,0,0
ACCT29653,0,0
ACCT29659,0,0
ACCT29664,0,0
ACCT29665,0,0
ACCT29669,0,0
ACCT29687,0,0
ACCT29690,0,0
ACCT29692,0,0
ACCT29693,0,0
ACCT2970,0,0
ACCT29706,0,0
ACCT29707,0,0
ACCT29716,0,0
ACCT29723,0,0
ACCT29727,0,0
ACCT29729,0,0
ACCT29737,0,0
ACCT29740,0,0
ACCT29741,0,0
ACCT29743,0,0
ACCT29746,0,0
ACCT29747,0,0
ACCT29748,0,0
ACCT2975,0,0
ACCT29752,0,0
ACCT29756,0,0
ACCT29764,0,0
ACCT29775,0,0
ACCT29781,0,0
ACCT29783,0,0
ACCT29795,0,0
ACCT2980,0,0
ACCT2981,0,0
ACCT29825,0,0
ACCT29833,0,0
ACCT29837,0,0
ACCT29839,0,0
ACCT29840,0,0
ACCT29841,0,0
ACCT29844,0,0
ACCT29847,0,0
ACCT29848,0,0
ACCT29855,0,0
ACCT2986,0,0
ACCT29868,0,0
ACCT2987,0,0
ACCT29878,0,0
ACCT29882,0,0
ACCT29888,0,0
ACCT29890,0,0
ACCT29891,0,0
ACCT29904,0,0
ACCT29905,0,0
ACCT2991,0,0
ACCT29912,0,0
ACCT29915,0,0
ACCT29919,0,0
ACCT29927,0,0
ACCT29928,0,0
ACCT2993,0,0
ACCT29932,0,0
ACCT29935,0,0
ACCT29939,0,0
ACCT29948,0,0
ACCT29949,0,0
ACCT29952,0,0
ACCT29953,0,0
ACCT29956,0,0
ACCT29965,0,0
ACCT29969,0,0
ACCT2997,0,0
ACCT29972,0,0
ACCT29973,0,0
ACCT29974,0,0
ACCT2998,0,0
ACCT29981,0,0
ACCT29983,0,0
ACCT29997,0,0
ACCT29999,0,0
ACCT3000,0,0
ACCT30009,0,0
ACCT30013,0,0
ACCT30015,0,0
ACCT30022,0,0
ACCT30030,0,0
ACCT30031,0,0
ACCT30033,0,0
ACCT30034,0,0
ACCT30036,0,0
ACCT30039,0,0
ACCT30045,0,0
ACCT30047,0,0
ACCT30056,0,0
ACCT30060,0,0
ACCT30066,0,0
ACCT30068,0,0
ACCT30069,0,0
ACCT30086,0,0
ACCT30092,0,0
ACCT30094,0,0
ACCT30095,0,0
ACCT30103,0,0
ACCT30116,0,0
ACCT3012,0,0
ACCT30122,0,0
ACCT30124,0,0
ACCT30125,0,0
ACCT30128,0,0
ACCT30129,0,0
ACCT3013,0,0
ACCT30130,0,0
ACCT30148,0,0
ACCT30150,0,0
ACCT30153,0,0
ACCT30167,0,0
ACCT30169,0,0
ACCT30176,0,0
ACCT30177,0,0
ACCT3018,0,0
ACCT30180,0,0
ACCT30181,0,0
ACCT30188,0,0
ACCT30190,0,0
ACCT30192,0,0
ACCT30196,0,0
ACCT30198,0,0
ACCT30200,0,0
ACCT30204,0,0
ACCT30211,0,0
ACCT30214,0,0
ACCT30226,0,0
ACCT30229,0,0
ACCT30231,0,0
ACCT30232,0,0
ACCT30233,0,0
ACCT30237,0,0
ACCT3024,0,0
ACCT30248,0,0
ACCT30250,0,0
ACCT30254,0,0
ACCT30257,0,0
ACCT30258,0,0
ACCT30259,0,0
ACCT3026,0,0
ACCT30261,0,0
ACCT30262,0,0
ACCT30264,0,0
ACCT30265,0,0
ACCT3027,0,0
ACCT30277,0,0
ACCT30292,0,0
ACCT30293,0,0
ACCT3030,0,0
ACCT30302,0,0
ACCT30306,0,0
ACCT30309,0,0
ACCT30311,0,0
ACCT30312,0,0
ACCT30318,0,0
ACCT30324,0,0
ACCT30360,0,0
ACCT30363,0,0
ACCT30367,0,0
ACCT30369,0,0
ACCT30372,0,0
ACCT30382,0,0
ACCT30383,0,0
ACCT30384,0,0
ACCT30386,0,0
ACCT30390,0,0
ACCT30391,0,0
ACCT30392,0,0
ACCT30399,0,0
ACCT30409,0,0
ACCT30416,0,0
ACCT30420,0,0
ACCT30443,0,0
ACCT30444,0,0
ACCT30446,0,0
ACCT30449,0,0
ACCT30450,0,0
ACCT30453,0,0
ACCT30465,0,0
ACCT30466,0,0
ACCT30468,0,0
ACCT30471,0,0
ACCT30478,0,0
ACCT30485,0,0
ACCT30489,0,0
ACCT30493,0,0
ACCT30507,0,0
ACCT30510,0,0
ACCT30514,0,0
ACCT30515,0,0
ACCT30518,0,0
ACCT30522,0,0
ACCT30524,0,0
ACCT30544,0,0
ACCT30545,0,0
ACCT30551,0,0
ACCT30557,0,0
ACCT30562,0,0
ACCT30566,0,0
ACCT30572,0,0
ACCT30579,0,0
ACCT30584,0,0
ACCT30595,0,0
ACCT306,0,0
ACCT30602,0,0
ACCT30603,0,0
ACCT30606,0,0
ACCT30615,0,0
ACCT30620,0,0
ACCT30624,0,0
ACCT30625,0,0
ACCT30626,0,0
ACCT30629,0,0
ACCT30630,0,0
ACCT30634,0,0
ACCT30641,0,0
ACCT30642,0,0
ACCT30668,0,0
ACCT30674,0,0
ACCT30679,0,0
ACCT30688,0,0
ACCT30694,0,0
ACCT30695,0,0
ACCT30699,0,0
ACCT30712,0,0
ACCT30719,0,0
ACCT30720,0,0
ACCT30726,0,0
ACCT30727,0,0
ACCT30738,0,0
ACCT30741,0,0
ACCT30751,0,0
ACCT30754,0,0
ACCT30764,0,0
ACCT30767,0,0
ACCT30779,0,0
ACCT30783,0,0
ACCT30793,0,0
ACCT30814,0,0
ACCT30821,0,0
ACCT30823,0,0
ACCT30829,0,0
ACCT30831,0,0
ACCT30839,0,0
ACCT30841,0,0
ACCT30842,0,0
ACCT30845,0,0
ACCT30850,0,0
ACCT30852,0,0
ACCT30857,0,0
ACCT3086,0,0
ACCT30879,0,0
ACCT30880,0,0
ACCT30883,0,0
ACCT30886,0,0
ACCT30887,0,0
ACCT30895,0,0
ACCT30898,0,0
ACCT3090,0,0
ACCT30900,0,0
ACCT30902,0,0
ACCT30909,0,0
ACCT30914,0,0
ACCT30915,0,0
ACCT30917,0,0
ACCT30921,0,0
ACCT30928,0,0
ACCT30932,0,0
ACCT30935,0,0
ACCT30942,0,0
ACCT30944,0,0
ACCT30946,0,0
ACCT3095,0,0
ACCT30951,0,0
ACCT30958,0,0
ACCT30959,0,0
ACCT30960,0,0
ACCT30967,0,0
ACCT30968,0,0
ACCT30970,0,0
ACCT30972,0,0
ACCT30973,0,0
ACCT30975,0,0
ACCT30978,0,0
ACCT30979,0,0
ACCT30981,0,0
ACCT30982,0,0
ACCT30983,0,0
ACCT3099,0,0
ACCT3100,0,0
ACCT3101,0,0
ACCT31015,0,0
ACCT31018,0,0
ACCT31021,0,0
ACCT31026,0,0
ACCT31029,0,0
ACCT31036,0,0
ACCT31040,0,0
ACCT31041,0,0
ACCT31042,0,0
ACCT31043,0,0
ACCT31059,0,0
ACCT31067,0,0
ACCT31068,0,0
ACCT31069,0,0
ACCT31074,0,0
ACCT31080,0,0
ACCT31083,0,0
ACCT31085,0,0
ACCT31086,0,0
ACCT31087,0,0
ACCT3111,0,0
ACCT31111,0,0
ACCT31119,0,0
ACCT3114,0,0
ACCT31145,0,0
ACCT31151,0,0
ACCT31155,0,0
ACCT31156,0,0
ACCT31157,0,0
ACCT31162,0,0
ACCT31167,0,0
ACCT31175,0,0
ACCT31178,0,0
ACCT31183,0,0
ACCT31191,0,0
ACCT31193,0,0
ACCT31196,0,0
ACCT31210,0,0
ACCT31212,0,0
ACCT31213,0,0
ACCT31229,0,0
ACCT31232,0,0
ACCT31234,0,0
ACCT31240,0,0
ACCT31242,0,0
ACCT31247,0,0
ACCT31248,0,0
ACCT31249,0,0
ACCT31251,0,0
ACCT3126,0,0
ACCT31262,0,0
ACCT31267,0,0
ACCT3127,0,0
ACCT31279,0,0
ACCT31288,0,0
ACCT31291,0,0
ACCT31294,0,0
ACCT31295,0,0
ACCT31298,0,0
ACCT3130,0,0
ACCT31310,0,0
ACCT31313,0,0
ACCT31319,0,0
ACCT3132,0,0
ACCT31320,0,0
ACCT3133,0,0
ACCT3134,0,0
ACCT31340,0,0
ACCT31345,0,0
ACCT31349,0,0
ACCT3135,0,0
ACCT31355,0,0
ACCT3136,0,0
ACCT31362,0,0
ACCT3137,0,0
ACCT31376,0,0
ACCT3138,0,0
ACCT31380,0,0
ACCT31382,0,0
ACCT31389,0,0
ACCT3139,0,0
ACCT31391,0,0
ACCT31397,0,0
ACCT31404,0,0
ACCT31405,0,0
ACCT31407,0,0
ACCT3141,0,0
ACCT3142,0,0
ACCT31420,0,0
ACCT31422,0,0
ACCT31424,0,0
ACCT31425,0,0
ACCT31427,0,0
ACCT3154,0,0
ACCT3156,0,0
ACCT3159,0,0
ACCT317,0,0
ACCT3172,0,0
ACCT3183,0,0
ACCT3188,0,0
ACCT3189,0,0
ACCT319,0,0
ACCT32,0,0
ACCT3201,0,0
ACCT3204,0,0
ACCT3205,0,0
ACCT3208,0,0
ACCT3211,0,0
ACCT3212,0,0
ACCT3213,0,0
ACCT3219,0,0
ACCT3220,0,0
ACCT3225,0,0
ACCT3231,0,0
ACCT3233,0,0
ACCT3234,0,0
ACCT3240,0,0
ACCT3246,0,0
ACCT3253,0,0
ACCT3261,0,0
ACCT3263,0,0
ACCT3267,0,0
ACCT3269,0,0
ACCT3278,0,0
ACCT3283,0,0
ACCT3286,0,0
ACCT3287,0,0
ACCT3288,0,0
ACCT3289,0,0
ACCT3294,0,0
ACCT3297,0,0
ACCT330,0,0
ACCT3305,0,0
ACCT3308,0,0
ACCT3316,0,0
ACCT3318,0,0
ACCT3329,0,0
ACCT3330,0,0
ACCT3338,0,0
ACCT3346,0,0
ACCT3356,0,0
ACCT336,0,0
ACCT3363,0,0
ACCT3369,0,0
ACCT3370,0,0
ACCT3374,0,0
ACCT3376,0,0
ACCT3377,0,0
ACCT3381,0,0
ACCT3389,0,0
ACCT3391,0,0
ACCT3393,0,0
ACCT3397,0,0
ACCT3399,0,0
ACCT3412,0,0
ACCT3413,0,0
ACCT3428,0,0
ACCT344,0,0
ACCT3440,0,0
ACCT3441,0,0
ACCT3444,0,0
ACCT3459,0,0
ACCT3463,0,0
ACCT3464,0,0
ACCT3467,0,0
ACCT347,0,0
ACCT3470,0,0
ACCT3474,0,0
ACCT3482,0,0
ACCT3489,0,0
ACCT3494,0,0
ACCT35,0,0
ACCT3504,0,0
ACCT3510,0,0
ACCT3516,0,0
ACCT3527,0,0
ACCT3528,0,0
ACCT3529,0,0
ACCT3530,0,0
ACCT3533,0,0
ACCT3535,0,0
ACCT3539,0,0
ACCT3543,0,0
ACCT3547,0,0
ACCT3554,0,0
ACCT3555,0,0
ACCT3558,0,0
ACCT3559,0,0
ACCT356,0,0
ACCT3563,0,0
ACCT3565,0,0
ACCT3568,0,0
ACCT3569,0,0
ACCT357,0,0
ACCT3570,0,0
ACCT3571,0,0
ACCT3572,0,0
ACCT358,0,0
ACCT3581,0,0
ACCT359,0,0
ACCT3595,0,0
ACCT3599,0,0
ACCT3608,0,0
ACCT3610,0,0
ACCT3611,0,0
ACCT3623,0,0
ACCT3637,0,0
ACCT3639,0,0
ACCT3650,0,0
ACCT3657,0,0
ACCT3670,0,0
ACCT3677,0,0
ACCT3687,0,0
ACCT3688,0,0
ACCT3694,0,0
ACCT3698,0,0
ACCT3700,0,0
ACCT3701,0,0
ACCT3704,0,0
ACCT3708,0,0
ACCT3715,0,0
ACCT3716,0,0
ACCT3719,0,0
ACCT372,0,0
ACCT3720,0,0
ACCT3726,0,0
ACCT3728,0,0
ACCT373,0,0
ACCT3732,0,0
ACCT3734,0,0
ACCT3736,0,0
ACCT3737,0,0
ACCT3741,0,0
ACCT3750,0,0
ACCT3754,0,0
ACCT3759,0,0
ACCT376,0,0
ACCT3760,0,0
ACCT3761,0,0
ACCT3762,0,0
ACCT3771,0,0
ACCT3776,0,0
ACCT3781,0,0
ACCT3785,0,0
ACCT3786,0,0
ACCT3791,0,0
ACCT3792,0,0
ACCT3793,0,0
ACCT380,0,0
ACCT3800,0,0
ACCT3802,0,0
ACCT3820,0,0
ACCT3822,0,0
ACCT3825,0,0
ACCT3831,0,0
ACCT3834,0,0
ACCT3836,0,0
ACCT3839,0,0
ACCT3841,0,0
ACCT3846,0,0
ACCT3853,0,0
ACCT3855,0,0
ACCT3856,0,0
ACCT3858,0,0
ACCT3859,0,0
ACCT3862,0,0
ACCT3863,0,0
ACCT3864,0,0
ACCT3869,0,0
ACCT387,0,0
ACCT3870,0,0
ACCT3874,0,0
ACCT3875,0,0
ACCT3886,0,0
ACCT3887,0,0
ACCT3888,0,0
ACCT3889,0,0
ACCT3891,0,0
ACCT3892,0,0
ACCT3899,0,0
ACCT390,0,0
ACCT3904,0,0
ACCT3907,0,0
ACCT3911,0,0
ACCT3921,0,0
ACCT3925,0,0
ACCT3930,0,0
ACCT3941,0,0
ACCT3942,0,0
ACCT3945,0,0
ACCT3946,0,0
ACCT3947,0,0
ACCT3951,0,0
ACCT3955,0,0
ACCT3956,0,0
ACCT3957,0,0
ACCT396,0,0
ACCT3961,0,0
ACCT3962,0,0
ACCT3965,0,0
ACCT3966,0,0
ACCT3974,0,0
ACCT3976,0,0
ACCT3979,0,0
ACCT3987,0,0
ACCT3988,0,0
ACCT399,0,0
ACCT3990,0,0
ACCT3992,0,0
ACCT3993,0,0
ACCT3995,0,0
ACCT400,0,0
ACCT4004,0,0
ACCT4005,0,0
ACCT4006,0,0
ACCT4008,0,0
ACCT4009,0,0
ACCT4015,0,0
ACCT4020,0,0
ACCT4024,0,0
ACCT4025,0,0
ACCT4031,0,0
ACCT4039,0,0
ACCT4053,0,0
ACCT4071,0,0
ACCT4074,0,0
ACCT4088,0,0
ACCT4095,0,0
ACCT4099,0,0
ACCT410,0,0
ACCT4102,0,0
ACCT4105,0,0
ACCT4106,0,0
ACCT4107,0,0
ACCT4112,0,0
ACCT4116,0,0
ACCT4122,0,0
ACCT4123,0,0
ACCT4131,0,0
ACCT4133,0,0
ACCT4135,0,0
ACCT4149,0,0
ACCT4160,0,0
ACCT4162,0,0
ACCT4176,0,0
ACCT4186,0,0
ACCT419,0,0
ACCT4191,0,0
ACCT4192,0,0
ACCT4194,0,0
ACCT4195,0,0
ACCT4197,0,0
ACCT4208,0,0
ACCT4209,0,0
ACCT4221,0,0
ACCT4223,0,0
ACCT423,0,0
ACCT4230,0,0
ACCT4234,0,0
ACCT424,0,0
ACCT4241,0,0
ACCT4247,0,0
ACCT4249,0,0
ACCT4251,0,0
ACCT4254,0,0
ACCT4255,0,0
ACCT426,0,0
ACCT4263,0,0
ACCT4269,0,0
ACCT427,0,0
ACCT4272,0,0
ACCT4276,0,0
ACCT4278,0,0
ACCT4285,0,0
ACCT429,0,0
ACCT4297,0,0
ACCT430,0,0
ACCT4301,0,0
ACCT4309,0,0
ACCT431,0,0
ACCT4314,0,0
ACCT4316,0,0
ACCT4317,0,0
ACCT4323,0,0
ACCT4325,0,0
ACCT433,0,0
ACCT4341,0,0
ACCT4344,0,0
ACCT4347,0,0
ACCT4348,0,0
ACCT4359,0,0
ACCT4367,0,0
ACCT4368,0,0
ACCT4373,0,0
ACCT4384,0,0
ACCT4385,0,0
ACCT4389,0,0
ACCT4394,0,0
ACCT4396,0,0
ACCT4398,0,0
ACCT441,0,0
ACCT4410,0,0
ACCT4411,0,0
ACCT4412,0,0
ACCT4413,0,0
ACCT4419,0,0
ACCT4426,0,0
ACCT4437,0,0
ACCT444,0,0
ACCT4446,0,0
ACCT4453,0,0
ACCT4454,0,0
ACCT446,0,0
ACCT4462,0,0
ACCT4465,0,0
ACCT4467,0,0
ACCT4480,0,0
ACCT449,0,0
ACCT4492,0,0
ACCT4494,0,0
ACCT4500,0,0
ACCT4507,0,0
ACCT4508,0,0
ACCT451,0,0
ACCT4512,0,0
ACCT4521,0,0
ACCT4523,0,0
ACCT4526,0,0
ACCT4532,0,0
ACCT4533,0,0
ACCT4534,0,0
ACCT4535,0,0
ACCT4536,0,0
ACCT4553,0,0
ACCT4554,0,0
ACCT456,0,0
ACCT4562,0,0
ACCT4563,0,0
ACCT4568,0,0
ACCT457,0,0
ACCT4578,0,0
ACCT4579,0,0
ACCT4582,0,0
ACCT4585,0,0
ACCT4604,0,0
ACCT4609,0,0
ACCT461,0,0
ACCT463,0,0
ACCT465,0,0
ACCT4655,0,0
ACCT466,0,0
ACCT467,0,0
ACCT4670,0,0
ACCT4672,0,0
ACCT468,0,0
ACCT4702,0,0
ACCT4715,0,0
ACCT4719,0,0
ACCT4723,0,0
ACCT4732,0,0
ACCT4735,0,0
ACCT4741,0,0
ACCT4742,0,0
ACCT4745,0,0
ACCT4749,0,0
ACCT4754,0,0
ACCT4756,0,0
ACCT4777,0,0
ACCT478,0,0
ACCT4788,0,0
ACCT4790,0,0
ACCT4796,0,0
ACCT48,0,0
ACCT4808,0,0
ACCT4810,0,0
ACCT4812,0,0
ACCT4813,0,0
ACCT4816,0,0
ACCT4824,0,0
ACCT4829,0,0
ACCT4833,0,0
ACCT4835,0,0
ACCT4838,0,0
ACCT4840,0,0
ACCT4844,0,0
ACCT4845,0,0
ACCT4846,0,0
ACCT4849,0,0
ACCT485,0,0
ACCT4850,0,0
ACCT4862,0,0
ACCT4863,0,0
ACCT4864,0,0
ACCT4873,0,0
ACCT4874,0,0
ACCT4878,0,0
ACCT4880,0,0
ACCT4886,0,0
ACCT4887,0,0
ACCT489,0,0
ACCT4895,0,0
ACCT4897,0,0
ACCT4904,0,0
ACCT491,0,0
ACCT4911,0,0
ACCT4921,0,0
ACCT4928,0,0
ACCT4931,0,0
ACCT494,0,0
ACCT4954,0,0
ACCT4957,0,0
ACCT496,0,0
ACCT4966,0,0
ACCT4967,0,0
ACCT4969,0,0
ACCT497,0,0
ACCT4972,0,0
ACCT4984,0,0
ACCT4986,0,0
ACCT4991,0,0
ACCT4997,0,0
ACCT5006,0,0
ACCT5015,0,0
ACCT5017,0,0
ACCT5023,0,0
ACCT5025,0,0
ACCT5029,0,0
ACCT5037,0,0
ACCT5040,0,0
ACCT5047,0,0
ACCT5051,0,0
ACCT5056,0,0
ACCT5063,0,0
ACCT5064,0,0
ACCT5068,0,0
ACCT5075,0,0
ACCT5087,0,0
ACCT5096,0,0
ACCT5102,0,0
ACCT5107,0,0
ACCT5117,0,0
ACCT5137,0,0
ACCT5138,0,0
ACCT5142,0,0
ACCT5147,0,0
ACCT5152,0,0
ACCT5156,0,0
ACCT5157,0,0
ACCT5158,0,0
ACCT5159,0,0
ACCT5165,0,0
ACCT5169,0,0
ACCT5174,0,0
ACCT5177,0,0
ACCT518,0,0
ACCT5188,0,0
ACCT5190,0,0
ACCT5194,0,0
ACCT5199,0,0
ACCT520,0,0
ACCT5204,0,0
ACCT521,0,0
ACCT5210,0,0
ACCT5214,0,0
ACCT5221,0,0
ACCT5225,0,0
ACCT5227,0,0
ACCT523,0,0
ACCT5232,0,0
ACCT5233,0,0
ACCT5235,0,0
ACCT5239,0,0
ACCT524,0,0
ACCT5245,0,0
ACCT525,0,0
ACCT5257,0,0
ACCT526,0,0
ACCT5262,0,0
ACCT5263,0,0
ACCT5264,0,0
ACCT5274,0,0
ACCT5290,0,0
ACCT5293,0,0
ACCT5299,0,0
ACCT53,0,0
ACCT530,0,0
ACCT5300,0,0
ACCT5305,0,0
ACCT531,0,0
ACCT5313,0,0
ACCT5320,0,0
ACCT5323,0,0
ACCT5341,0,0
ACCT5348,0,0
ACCT5352,0,0
ACCT5353,0,0
ACCT5356,0,0
ACCT5361,0,0
ACCT5376,0,0
ACCT539,0,0
ACCT5406,0,0
ACCT541,0,0
ACCT5413,0,0
ACCT542,0,0
ACCT5426,0,0
ACCT5427,0,0
ACCT5428,0,0
ACCT5435,0,0
ACCT5436,0,0
ACCT5437,0,0
ACCT5440,0,0
ACCT5442,0,0
ACCT5452,0,0
ACCT5454,0,0
ACCT5459,0,0
ACCT546,0,0
ACCT5470,0,0
ACCT5474,0,0
ACCT5481,0,0
ACCT5486,0,0
ACCT549,0,0
ACCT5492,0,0
ACCT5493,0,0
ACCT5505,0,0
ACCT5507,0,0
ACCT5513,0,0
ACCT5518,0,0
ACCT5535,0,0
ACCT5536,0,0
ACCT5537,0,0
ACCT5538,0,0
ACCT5539,0,0
ACCT5542,0,0
ACCT5559,0,0
ACCT5574,0,0
ACCT5577,0,0
ACCT5579,0,0
ACCT5583,0,0
ACCT5586,0,0
ACCT5589,0,0
ACCT5593,0,0
ACCT5594,0,0
ACCT5596,0,0
ACCT5597,0,0
ACCT5598,0,0
ACCT5604,0,0
ACCT5611,0,0
ACCT5617,0,0
ACCT5622,0,0
ACCT5631,0,0
ACCT5633,0,0
ACCT5643,0,0
ACCT5644,0,0
ACCT5666,0,0
ACCT5668,0,0
ACCT5676,0,0
ACCT5677,0,0
ACCT5684,0,0
ACCT5688,0,0
ACCT5691,0,0
ACCT5695,0,0
ACCT5697,0,0
ACCT5701,0,0
ACCT5702,0,0
ACCT5703,0,0
ACCT5708,0,0
ACCT5717,0,0
ACCT5718,0,0
ACCT5729,0,0
ACCT5730,0,0
ACCT5735,0,0
ACCT5737,0,0
ACCT5740,0,0
ACCT5742,0,0
ACCT5743,0,0
ACCT5750,0,0
ACCT5753,0,0
ACCT5757,0,0
ACCT5761,0,0
ACCT5765,0,0
ACCT5768,0,0
ACCT577,0,0
ACCT5775,0,0
ACCT5777,0,0
ACCT578,0,0
ACCT5780,0,0
ACCT5788,0,0
ACCT5791,0,0
ACCT5798,0,0
ACCT5800,0,0
ACCT5808,0,0
ACCT5809,0,0
ACCT5811,0,0
ACCT5813,0,0
ACCT5817,0,0
ACCT5818,0,0
ACCT5822,0,0
ACCT5825,0,0
ACCT5827,0,0
ACCT5828,0,0
ACCT5839,0,0
ACCT5844,0,0
ACCT5853,0,0
ACCT5855,0,0
ACCT5869,0,0
ACCT587,0,0
ACCT5871,0,0
ACCT5885,0,0
ACCT5886,0,0
ACCT5890,0,0
ACCT5896,0,0
ACCT5903,0,0
ACCT5904,0,0
ACCT5906,0,0
ACCT5908,0,0
ACCT5912,0,0
ACCT5921,0,0
ACCT5929,0,0
ACCT5930,0,0
ACCT5931,0,0
ACCT5933,0,0
ACCT5940,0,0
ACCT5942,0,0
ACCT5946,0,0
ACCT5950,0,0
ACCT5955,0,0
ACCT5956,0,0
ACCT5958,0,0
ACCT5962,0,0
ACCT5963,0,0
ACCT5965,0,0
ACCT5967,0,0
ACCT5970,0,0
ACCT5978,0,0
ACCT5982,0,0
ACCT5988,0,0
ACCT5992,0,0
ACCT5995,0,0
ACCT5997,0,0
ACCT6015,0,0
ACCT6020,0,0
ACCT604,0,0
ACCT6040,0,0
ACCT6043,0,0
ACCT6054,0,0
ACCT6069,0,0
ACCT6070,0,0
ACCT6077,0,0
ACCT608,0,0
ACCT6085,0,0
ACCT6089,0,0
ACCT6098,0,0
ACCT610,0,0
ACCT6102,0,0
ACCT6106,0,0
ACCT6109,0,0
ACCT6110,0,0
ACCT6117,0,0
ACCT6126,0,0
ACCT6127,0,0
ACCT6132,0,0
ACCT6133,0,0
ACCT6135,0,0
ACCT6141,0,0
ACCT6147,0,0
ACCT6148,0,0
ACCT615,0,0
ACCT6152,0,0
ACCT6153,0,0
ACCT6159,0,0
ACCT6167,0,0
ACCT6171,0,0
ACCT6174,0,0
ACCT6175,0,0
ACCT6177,0,0
ACCT6187,0,0
ACCT6188,0,0
ACCT6189,0,0
ACCT6192,0,0
ACCT6197,0,0
ACCT620,0,0
ACCT6200,0,0
ACCT6201,0,0
ACCT6204,0,0
ACCT6206,0,0
ACCT6215,0,0
ACCT6218,0,0
ACCT6221,0,0
ACCT6231,0,0
ACCT6233,0,0
ACCT6236,0,0
ACCT6239,0,0
ACCT624,0,0
ACCT6260,0,0
ACCT6263,0,0
ACCT6269,0,0
ACCT6278,0,0
ACCT628,0,0
ACCT6282,0,0
ACCT6283,0,0
ACCT629,0,0
ACCT6295,0,0
ACCT6298,0,0
ACCT6312,0,0
ACCT6327,0,0
ACCT6335,0,0
ACCT6338,0,0
ACCT6344,0,0
ACCT6349,0,0
ACCT6352,0,0
ACCT6355,0,0
ACCT636,0,0
ACCT6363,0,0
ACCT6369,0,0
ACCT6374,0,0
ACCT6378,0,0
ACCT638,0,0
ACCT6382,0,0
ACCT6383,0,0
ACCT6392,0,0
ACCT6393,0,0
ACCT6398,0,0
ACCT6402,0,0
ACCT6407,0,0
ACCT6411,0,0
ACCT642,0,0
ACCT6420,0,0
ACCT6427,0,0
ACCT6428,0,0
ACCT6437,0,0
ACCT6443,0,0
ACCT6445,0,0
ACCT6459,0,0
ACCT6471,0,0
ACCT6472,0,0
ACCT6474,0,0
ACCT6485,0,0
ACCT6500,0,0
ACCT6501,0,0
ACCT6502,0,0
ACCT6504,0,0
ACCT6506,0,0
ACCT6511,0,0
ACCT6520,0,0
ACCT6521,0,0
ACCT6535,0,0
ACCT6539,0,0
ACCT6557,0,0
ACCT6558,0,0
ACCT6559,0,0
ACCT657,0,0
ACCT6575,0,0
ACCT6576,0,0
ACCT6583,0,0
ACCT6588,0,0
ACCT659,0,0
ACCT66,0,0
ACCT6600,0,0
ACCT6613,0,0
ACCT6626,0,0
ACCT6635,0,0
ACCT6639,0,0
ACCT6643,0,0
ACCT6646,0,0
ACCT665,0,0
ACCT6650,0,0
ACCT6651,0,0
ACCT6653,0,0
ACCT666,0,0
ACCT667,0,0
ACCT6671,0,0
ACCT6678,0,0
ACCT6679,0,0
ACCT6684,0,0
ACCT6685,0,0
ACCT669,0,0
ACCT6693,0,0
ACCT6694,0,0
ACCT6696,0,0
ACCT6698,0,0
ACCT67,0,0
ACCT670,0,0
ACCT6700,0,0
ACCT6708,0,0
ACCT6711,0,0
ACCT6712,0,0
ACCT6715,0,0
ACCT6723,0,0
ACCT6729,0,0
ACCT6730,0,0
ACCT6732,0,0
ACCT6734,0,0
ACCT6738,0,0
ACCT6747,0,0
ACCT6749,0,0
ACCT6753,0,0
ACCT6755,0,0
ACCT6760,0,0
ACCT6761,0,0
ACCT6764,0,0
ACCT6766,0,0
ACCT6767,0,0
ACCT677,0,0
ACCT6780,0,0
ACCT6786,0,0
ACCT679,0,0
ACCT6797,0,0
ACCT6808,0,0
ACCT6812,0,0
ACCT6818,0,0
ACCT6819,0,0
ACCT6825,0,0
ACCT6826,0,0
ACCT6827,0,0
ACCT6828,0,0
ACCT6843,0,0
ACCT6845,0,0
ACCT6848,0,0
ACCT6851,0,0
ACCT6852,0,0
ACCT6867,0,0
ACCT6872,0,0
ACCT6876,0,0
ACCT6877,0,0
ACCT6886,0,0
ACCT6891,0,0
ACCT6893,0,0
ACCT6898,0,0
ACCT6902,0,0
ACCT6917,0,0
ACCT6921,0,0
ACCT6929,0,0
ACCT6932,0,0
ACCT6933,0,0
ACCT694,0,0
ACCT6941,0,0
ACCT695,0,0
ACCT6952,0,0
ACCT6953,0,0
ACCT6955,0,0
ACCT6956,0,0
ACCT6963,0,0
ACCT6967,0,0
ACCT6975,0,0
ACCT6991,0,0
ACCT6993,0,0
ACCT6995,0,0
ACCT7003,0,0
ACCT701,0,0
ACCT7017,0,0
ACCT7018,0,0
ACCT702,0,0
ACCT7020,0,0
ACCT7021,0,0
ACCT7022,0,0
ACCT7025,0,0
ACCT7028,0,0
ACCT7029,0,0
ACCT7039,0,0
ACCT7040,0,0
ACCT7046,0,0
ACCT705,0,0
ACCT7050,0,0
ACCT7051,0,0
ACCT7053,0,0
ACCT7054,0,0
ACCT7056,0,0
ACCT7057,0,0
ACCT706,0,0
ACCT7069,0,0
ACCT7071,0,0
ACCT7078,0,0
ACCT7084,0,0
ACCT7086,0,0
ACCT7087,0,0
ACCT7090,0,0
ACCT7093,0,0
ACCT7097,0,0
ACCT710,0,0
ACCT7101,0,0
ACCT7111,0,0
ACCT7112,0,0
ACCT7115,0,0
ACCT7124,0,0
ACCT7125,0,0
ACCT713,0,0
ACCT7134,0,0
ACCT7137,0,0
ACCT7155,0,0
ACCT7159,0,0
ACCT7161,0,0
ACCT7163,0,0
ACCT7165,0,0
ACCT7169,0,0
ACCT717,0,0
ACCT718,0,0
ACCT719,0,0
ACCT7192,0,0
ACCT7196,0,0
ACCT7205,0,0
ACCT721,0,0
ACCT7212,0,0
ACCT7219,0,0
ACCT7226,0,0
ACCT7229,0,0
ACCT7230,0,0
ACCT7231,0,0
ACCT7233,0,0
ACCT7236,0,0
ACCT7242,0,0
ACCT7249,0,0
ACCT7252,0,0
ACCT7254,0,0
ACCT7256,0,0
ACCT7258,0,0
ACCT7265,0,0
ACCT7267,0,0
ACCT7268,0,0
ACCT7280,0,0
ACCT7287,0,0
ACCT729,0,0
ACCT7290,0,0
ACCT7300,0,0
ACCT7308,0,0
ACCT7311,0,0
ACCT7314,0,0
ACCT7325,0,0
ACCT733,0,0
ACCT7339,0,0
ACCT7347,0,0
ACCT7349,0,0
ACCT7351,0,0
ACCT7352,0,0
ACCT7366,0,0
ACCT7386,0,0
ACCT7391,0,0
ACCT7394,0,0
ACCT7399,0,0
ACCT7401,0,0
ACCT7402,0,0
ACCT7405,0,0
ACCT7410,0,0
ACCT7420,0,0
ACCT7424,0,0
ACCT7435,0,0
ACCT7436,0,0
ACCT7451,0,0
ACCT7452,0,0
ACCT7456,0,0
ACCT7457,0,0
ACCT7462,0,0
ACCT7466,0,0
ACCT7470,0,0
ACCT7473,0,0
ACCT7476,0,0
ACCT7478,0,0
ACCT748,0,0
ACCT7481,0,0
ACCT7486,0,0
ACCT7487,0,0
ACCT7496,0,0
ACCT7499,0,0
ACCT75,0,0
ACCT750,0,0
ACCT7501,0,0
ACCT751,0,0
ACCT7520,0,0
ACCT7525,0,0
ACCT7531,0,0
ACCT7532,0,0
ACCT7536,0,0
ACCT7539,0,0
ACCT7541,0,0
ACCT7543,0,0
ACCT7547,0,0
ACCT7552,0,0
ACCT7553,0,0
ACCT7559,0,0
ACCT7562,0,0
ACCT7573,0,0
ACCT7577,0,0
ACCT758,0,0
ACCT7580,0,0
ACCT7587,0,0
ACCT7589,0,0
ACCT759,0,0
ACCT7590,0,0
ACCT7594,0,0
ACCT7606,0,0
ACCT7607,0,0
ACCT7612,0,0
ACCT7614,0,0
ACCT7618,0,0
ACCT7622,0,0
ACCT763,0,0
ACCT7631,0,0
ACCT7633,0,0
ACCT7640,0,0
ACCT7643,0,0
ACCT7644,0,0
ACCT7645,0,0
ACCT7648,0,0
ACCT7649,0,0
ACCT7658,0,0
ACCT7660,0,0
ACCT7661,0,0
ACCT7666,0,0
ACCT7669,0,0
ACCT7670,0,0
ACCT7671,0,0
ACCT7672,0,0
ACCT7679,0,0
ACCT7684,0,0
ACCT7691,0,0
ACCT7694,0,0
ACCT7706,0,0
ACCT7711,0,0
ACCT7713,0,0
ACCT7730,0,0
ACCT7747,0,0
ACCT7750,0,0
ACCT7757,0,0
ACCT7761,0,0
ACCT7766,0,0
ACCT7772,0,0
ACCT7779,0,0
ACCT7781,0,0
ACCT7783,0,0
ACCT7789,0,0
ACCT7799,0,0
ACCT7807,0,0
ACCT7814,0,0
ACCT7819,0,0
ACCT7825,0,0
ACCT7826,0,0
ACCT7828,0,0
ACCT7829,0,0
ACCT7830,0,0
ACCT7831,0,0
ACCT7835,0,0
ACCT784,0,0
ACCT7840,0,0
ACCT7843,0,0
ACCT7851,0,0
ACCT7852,0,0
ACCT7857,0,0
ACCT7858,0,0
ACCT7867,0,0
ACCT7873,0,0
ACCT7881,0,0
ACCT7882,0,0
ACCT7883,0,0
ACCT7895,0,0
ACCT7902,0,0
ACCT7905,0,0
ACCT7907,0,0
ACCT7908,0,0
ACCT7910,0,0
ACCT792,0,0
ACCT7920,0,0
ACCT7942,0,0
ACCT7944,0,0
ACCT7947,0,0
ACCT7951,0,0
ACCT7958,0,0
ACCT7959,0,0
ACCT796,0,0
ACCT7964,0,0
ACCT7970,0,0
ACCT7972,0,0
ACCT7974,0,0
ACCT7979,0,0
ACCT798,0,0
ACCT7982,0,0
ACCT7997,0,0
ACCT8000,0,0
ACCT8002,0,0
ACCT8003,0,0
ACCT8005,0,0
ACCT8008,0,0
ACCT8010,0,0
ACCT8014,0,0
ACCT8019,0,0
ACCT8021,0,0
ACCT8026,0,0
ACCT8028,0,0
ACCT8029,0,0
ACCT8031,0,0
ACCT8032,0,0
ACCT8035,0,0
ACCT8039,0,0
ACCT8046,0,0
ACCT8050,0,0
ACCT8058,0,0
ACCT8064,0,0
ACCT8067,0,0
ACCT8068,0,0
ACCT8076,0,0
ACCT808,0,0
ACCT8080,0,0
ACCT8084,0,0
ACCT8093,0,0
ACCT8106,0,0
ACCT8107,0,0
ACCT8114,0,0
ACCT8121,0,0
ACCT813,0,0
ACCT814,0,0
ACCT8147,0,0
ACCT8154,0,0
ACCT8160,0,0
ACCT8165,0,0
ACCT8169,0,0
ACCT8175,0,0
ACCT818,0,0
ACCT8183,0,0
ACCT8189,0,0
ACCT8193,0,0
ACCT8197,0,0
ACCT8202,0,0
ACCT8210,0,0
ACCT8213,0,0
ACCT8216,0,0
ACCT8217,0,0
ACCT8222,0,0
ACCT8226,0,0
ACCT8227,0,0
ACCT8230,0,0
ACCT8238,0,0
ACCT8244,0,0
ACCT825,0,0
ACCT8250,0,0
ACCT8255,0,0
ACCT8257,0,0
ACCT8259,0,0
ACCT8260,0,0
ACCT8263,0,0
ACCT8266,0,0
ACCT8269,0,0
ACCT8274,0,0
ACCT828,0,0
ACCT8281,0,0
ACCT8282,0,0
ACCT8283,0,0
ACCT8286,0,0
ACCT8287,0,0
ACCT8290,0,0
ACCT8297,0,0
ACCT83,0,0
ACCT8304,0,0
ACCT8308,0,0
ACCT8311,0,0
ACCT8315,0,0
ACCT8321,0,0
ACCT8323,0,0
ACCT8325,0,0
ACCT8336,0,0
ACCT8337,0,0
ACCT8338,0,0
ACCT8341,0,0
ACCT8343,0,0
ACCT8346,0,0
ACCT8350,0,0
ACCT8351,0,0
ACCT8361,0,0
ACCT8375,0,0
ACCT8389,0,0
ACCT8396,0,0
ACCT8398,0,0
ACCT8403,0,0
ACCT8417,0,0
ACCT8436,0,0
ACCT8445,0,0
ACCT8446,0,0
ACCT8455,0,0
ACCT8472,0,0
ACCT8473,0,0
ACCT8474,0,0
ACCT8480,0,0
ACCT8489,0,0
ACCT8497,0,0
ACCT8509,0,0
ACCT8518,0,0
ACCT8520,0,0
ACCT8526,0,0
ACCT8532,0,0
ACCT8537,0,0
ACCT8541,0,0
ACCT8563,0,0
ACCT8565,0,0
ACCT8569,0,0
ACCT857,0,0
ACCT8571,0,0
ACCT8574,0,0
ACCT8576,0,0
ACCT8579,0,0
ACCT8582,0,0
ACCT8585,0,0
ACCT8587,0,0
ACCT8589,0,0
ACCT8597,0,0
ACCT8598,0,0
ACCT8600,0,0
ACCT8603,0,0
ACCT8606,0,0
ACCT861,0,0
ACCT8613,0,0
ACCT8617,0,0
ACCT8620,0,0
ACCT8628,0,0
ACCT8644,0,0
ACCT8645,0,0
ACCT8652,0,0
ACCT8654,0,0
ACCT8656,0,0
ACCT8668,0,0
ACCT8675,0,0
ACCT8678,0,0
ACCT8684,0,0
ACCT8690,0,0
ACCT8691,0,0
ACCT8692,0,0
ACCT8708,0,0
ACCT8711,0,0
ACCT8712,0,0
ACCT8715,0,0
ACCT8732,0,0
ACCT874,0,0
ACCT8743,0,0
ACCT8745,0,0
ACCT8746,0,0
ACCT8747,0,0
ACCT8752,0,0
ACCT8758,0,0
ACCT8759,0,0
ACCT8782,0,0
ACCT8789,0,0
ACCT8792,0,0
ACCT8796,0,0
ACCT8797,0,0
ACCT8798,0,0
ACCT8801,0,0
ACCT8803,0,0
ACCT8822,0,0
ACCT8824,0,0
ACCT8827,0,0
ACCT8828,0,0
ACCT8829,0,0
ACCT8830,0,0
ACCT8831,0,0
ACCT8836,0,0
ACCT8839,0,0
ACCT8842,0,0
ACCT8843,0,0
ACCT8849,0,0
ACCT8861,0,0
ACCT8864,0,0
ACCT8866,0,0
ACCT8871,0,0
ACCT8874,0,0
ACCT8875,0,0
ACCT8876,0,0
ACCT8878,0,0
ACCT8880,0,0
ACCT8889,0,0
ACCT8895,0,0
ACCT8897,0,0
ACCT8900,0,0
ACCT8904,0,0
ACCT8907,0,0
ACCT8910,0,0
ACCT8912,0,0
ACCT8921,0,0
ACCT8923,0,0
ACCT893,0,0
ACCT894,0,0
ACCT8944,0,0
ACCT8955,0,0
ACCT8959,0,0
ACCT8960,0,0
ACCT8963,0,0
ACCT8966,0,0
ACCT8976,0,0
ACCT8977,0,0
ACCT898,0,0
ACCT8996,0,0
ACCT9002,0,0
ACCT9013,0,0
ACCT9018,0,0
ACCT9022,0,0
ACCT9024,0,0
ACCT9026,0,0
ACCT9028,0,0
ACCT9029,0,0
ACCT9044,0,0
ACCT9047,0,0
ACCT9056,0,0
ACCT9066,0,0
ACCT9068,0,0
ACCT9081,0,0
ACCT9082,0,0
ACCT909,0,0
ACCT9097,0,0
ACCT9099,0,0
ACCT91,0,0
ACCT9100,0,0
ACCT9101,0,0
ACCT9104,0,0
ACCT9108,0,0
ACCT9116,0,0
ACCT912,0,0
ACCT9126,0,0
ACCT9128,0,0
ACCT9129,0,0
ACCT9131,0,0
ACCT9138,0,0
ACCT9140,0,0
ACCT9143,0,0
ACCT9147,0,0
ACCT9148,0,0
ACCT9149,0,0
ACCT9152,0,0
ACCT9156,0,0
ACCT9158,0,0
ACCT916,0,0
ACCT9160,0,0
ACCT9164,0,0
ACCT9166,0,0
ACCT9178,0,0
ACCT9182,0,0
ACCT9185,0,0
ACCT919,0,0
ACCT9191,0,0
ACCT9197,0,0
ACCT9199,0,0
ACCT9209,0,0
ACCT9210,0,0
ACCT9212,0,0
ACCT9217,0,0
ACCT9221,0,0
ACCT9222,0,0
ACCT9227,0,0
ACCT9229,0,0
ACCT923,0,0
ACCT9233,0,0
ACCT9236,0,0
ACCT924,0,0
ACCT9244,0,0
ACCT925,0,0
ACCT9254,0,0
ACCT926,0,0
ACCT9262,0,0
ACCT9265,0,0
ACCT9268,0,0
ACCT9269,0,0
ACCT9271,0,0
ACCT9277,0,0
ACCT9280,0,0
ACCT9283,0,0
ACCT9284,0,0
ACCT9285,0,0
ACCT929,0,0
ACCT9291,0,0
ACCT9292,0,0
ACCT9293,0,0
ACCT9295,0,0
ACCT9306,0,0
ACCT9309,0,0
ACCT9310,0,0
ACCT9314,0,0
ACCT932,0,0
ACCT9320,0,0
ACCT9324,0,0
ACCT9328,0,0
ACCT9329,0,0
ACCT9330,0,0
ACCT9331,0,0
ACCT9335,0,0
ACCT9342,0,0
ACCT9353,0,0
ACCT9366,0,0
ACCT9372,0,0
ACCT9376,0,0
ACCT9379,0,0
ACCT9390,0,0
ACCT9391,0,0
ACCT9399,0,0
ACCT9405,0,0
ACCT9409,0,0
ACCT9410,0,0
ACCT9412,0,0
ACCT9413,0,0
ACCT9418,0,0
ACCT942,0,0
ACCT9420,0,0
ACCT9424,0,0
ACCT944,0,0
ACCT9442,0,0
ACCT9448,0,0
ACCT9454,0,0
ACCT9458,0,0
ACCT9462,0,0
ACCT9465,0,0
ACCT9466,0,0
ACCT9477,0,0
ACCT9479,0,0
ACCT9480,0,0
ACCT9481,0,0
ACCT9482,0,0
ACCT9483,0,0
ACCT9484,0,0
ACCT9485,0,0
ACCT9510,0,0
ACCT9511,0,0
ACCT9512,0,0
ACCT9514,0,0
ACCT9515,0,0
ACCT9517,0,0
ACCT9519,0,0
ACCT9530,0,0
ACCT9532,0,0
ACCT9543,0,0
ACCT9544,0,0
ACCT9545,0,0
ACCT9547,0,0
ACCT955,0,0
ACCT9552,0,0
ACCT9555,0,0
ACCT9558,0,0
ACCT956,0,0
ACCT9560,0,0
ACCT9564,0,0
ACCT9572,0,0
ACCT9586,0,0
ACCT9588,0,0
ACCT9593,0,0
ACCT96,0,0
ACCT9604,0,0
ACCT9605,0,0
ACCT9610,0,0
ACCT9613,0,0
ACCT9614,0,0
ACCT9616,0,0
ACCT9617,0,0
ACCT9619,0,0
ACCT9624,0,0
ACCT9627,0,0
ACCT9632,0,0
ACCT9635,0,0
ACCT9636,0,0
ACCT9637,0,0
ACCT9638,0,0
ACCT9639,0,0
ACCT964,0,0
ACCT9640,0,0
ACCT9641,0,0
ACCT9643,0,0
ACCT9645,0,0
ACCT9647,0,0
ACCT9648,0,0
ACCT9654,0,0
ACCT9655,0,0
ACCT9666,0,0
ACCT9668,0,0
ACCT9680,0,0
ACCT9683,0,0
ACCT9689,0,0
ACCT9692,0,0
ACCT9693,0,0
ACCT9694,0,0
ACCT9700,0,0
ACCT9703,0,0
ACCT9705,0,0
ACCT9709,0,0
ACCT9710,0,0
ACCT9712,0,0
ACCT9717,0,0
ACCT9718,0,0
ACCT9720,0,0
ACCT9727,0,0
ACCT9728,0,0
ACCT973,0,0
ACCT9733,0,0
ACCT9734,0,0
ACCT9735,0,0
ACCT9740,0,0
ACCT9742,0,0
ACCT9768,0,0
ACCT9770,0,0
ACCT9772,0,0
ACCT9777,0,0
ACCT9781,0,0
ACCT9784,0,0
ACCT9785,0,0
ACCT9786,0,0
ACCT979,0,0
ACCT9799,0,0
ACCT9802,0,0
ACCT9803,0,0
ACCT9811,0,0
ACCT9814,0,0
ACCT9817,0,0
ACCT9826,0,0
ACCT9827,0,0
ACCT983,0,0
ACCT9830,0,0
ACCT9831,0,0
ACCT984,0,0
ACCT9844,0,0
ACCT9845,0,0
ACCT9846,0,0
ACCT9849,0,0
ACCT985,0,0
ACCT9858,0,0
ACCT9862,0,0
ACCT987,0,0
ACCT9870,0,0
ACCT9874,0,0
ACCT9877,0,0
ACCT9878,0,0
ACCT9880,0,0
ACCT9883,0,0
ACCT9893,0,0
ACCT9897,0,0
ACCT9902,0,0
ACCT9903,0,0
ACCT9907,0,0
ACCT9927,0,0
ACCT9928,0,0
ACCT9929,0,0
ACCT9931,0,0
ACCT9934,0,0
ACCT9939,0,0
ACCT9944,0,0
ACCT995,0,0
ACCT9952,0,0
ACCT997,0,0
ACCT9970,0,0
ACCT999,0,0
ACCT9993,0,0
ACCT9995,0,0
ACCT9996,0,0
